sleep_hours,study_hours,social_level,energy_level,screen_time,outings_per_week,focus,stress,communication,alone_time,personality
7.052217602372159,1.764830964133076,2.42679523377354,3.280478441609805,6.777320337286205,1.7569343977274312,5.01711843013098,7.1650216153818125,1.0,7.175941588396046,introvert
7.498991955346412,3.711245112444374,2.900874327291565,3.688078854386315,9.696442949093495,4.1612817841951655,5.965829798249195,10.0,5.62005253598714,8.244774794638069,omnivert
6.881996389369001,6.6256264074257025,7.804801234477255,7.624575983330374,5.001721507520877,4.735957691762076,7.090434116500455,7.549788154702147,3.147080988276329,5.329771913745055,ambivert
6.222584741912687,5.675574121487039,6.429847710649348,5.1142437771048535,4.547039739097138,3.343599995840411,5.026659267472347,6.609590708726005,4.372917245975688,6.4802179843281005,ambivert
7.924962663985565,6.135061853276138,5.503225243459512,7.526444800825012,8.388824390110175,0.19541506352506577,1.0,10.0,6.207578657752509,3.781489539087489,omnivert
6.3878070236197395,3.204671930966517,6.514159102071464,5.571158621047887,6.72558148316658,6.409372026362599,5.139521415988983,8.396532464245134,6.113861286719185,5.348717071828276,omnivert
7.1605468754381265,3.131170125434771,7.9906402802400205,6.960187313462432,4.980695183410611,4.047311347480917,6.486259769622982,6.345331896786854,6.693571671798037,6.733063005893414,ambivert
8.717640138197421,6.170790129784269,4.534867453373039,4.26276923344152,4.146009723082937,0.8822437470832099,8.694179292316026,3.6298201049655576,4.436759446662402,6.0,introvert
6.439136709645446,5.239096475283057,4.67397231022624,9.0,4.355696134154911,3.9869187741271412,6.379610280163197,4.468069797664417,5.190179898326583,5.188657650671096,ambivert
4.831550326081821,3.3185564622163226,6.534127131102425,3.8004307250969407,1.0528516641256065,1.4676630780709203,2.619763201270708,10.0,4.485922348180014,3.644713160702239,omnivert
6.771710986704141,4.167685007859536,3.7561532070556036,6.213889723850993,4.830394025110996,2.920751361854447,4.375885270147957,6.647245582281425,2.9435004944220666,6.276965266980378,omnivert
7.1798405096653335,4.239071560149277,4.002560412518395,4.428285272432655,4.551296210221258,3.95250977171896,8.877037190046213,5.775841007515092,5.953646718664182,5.7343993624292455,ambivert
7.128603898311516,3.6337699460554513,8.56398475491418,1.917627290957281,3.95308831193314,5.306900887651943,1.9545703476845384,5.786404641639838,2.7554718847549573,1.2886737287644903,omnivert
8.23669670274887,3.189976855607535,1.0,5.730237280133227,4.11079926167371,0.25650470269390613,6.947818008088377,4.885788946477124,3.790346885498691,7.537192842826582,introvert
5.677249420196292,2.639575299714947,3.4168357378874314,1.7343096247788816,8.401855096558425,1.4703660225856945,6.941589179749877,6.155638985976175,1.4588946727109837,10.0,introvert
6.443898768625045,6.0936947538789275,7.952533815372014,8.315400231891648,4.196327784395682,5.613299849794214,3.917870558889079,5.973310825783592,7.599379265352131,1.0,extrovert
7.781669501566958,3.551735128798519,8.68709933762739,7.614008087118617,7.465381967891028,3.5811215265530407,2.648154507805325,4.75910559724011,9.387655425873836,1.0,extrovert
6.662023141294084,6.394286839638511,5.233562562035019,5.457776691633716,3.2786734600975125,3.617252563936628,5.003986287476259,7.673673171577343,3.2893616479849035,4.230649506705239,ambivert
6.138497331102878,3.490349985861219,2.921775880422642,5.925023743004468,4.448240648209592,1.2018303489148032,6.30863263294603,6.513755698651313,1.0,6.977330428403211,introvert
7.626329878740277,5.280906780560001,8.528017340063998,7.470543301609978,4.814624811839303,8.079505508165491,7.088552609732361,4.04019138822798,10.0,5.0,extrovert
8.299661491810333,3.7978095105565064,7.7348429914044035,7.996320348321685,5.536867866130787,4.06635535879439,4.567617553739813,5.376012195489983,9.15045009253614,1.0,extrovert
8.268987135162615,5.77495100465988,4.613043041681582,6.009031703725038,6.298538815228351,3.635004440333679,6.17038891739249,5.014583346075696,4.355588975001828,3.862706336445761,ambivert
7.472556757859502,6.937342418360396,1.0325259765333235,3.047931362234632,3.3156727345638206,1.3772467788993685,6.420778429932606,9.16908835485955,3.1960350366965735,6.314912520486094,introvert
6.769166842262653,5.570177146097221,8.442407970647482,5.415641299854606,2.9200782005178922,3.410381611957933,5.340583133752166,7.510175827930552,7.249592266030282,1.3210209510475264,extrovert
7.6180572235672575,3.5049069451270407,6.798055988126102,10.0,6.316505511428944,3.45162635134159,2.947675415083995,3.8722051056729647,10.0,1.0062769078146565,extrovert
6.353389772568714,6.840612503611933,1.0,6.086052458067337,4.838421551344886,0.9760053585004161,5.848378064792754,3.7590810708339144,3.5354591389003893,7.646653090894359,introvert
4.51884333509398,8.331020244405888,6.6998909492948755,5.533168653737171,5.138333231202296,2.6063217549666065,4.425180355336401,6.340914710752309,6.417430001669065,7.385627338158018,ambivert
4.7841123426347,3.026187641590781,8.08278219443081,4.867708068201702,6.163295334251526,1.5284149496694628,5.231637995226301,8.045406926911632,6.462117651025315,1.8299571212948387,omnivert
7.380901928204549,1.0,3.0,7.627766772258475,3.7183914685107506,2.8194361230209894,5.392021826495348,3.374053013662109,3.0,4.168885955798286,ambivert
6.877606340036881,3.3079776178412352,5.502746407190633,8.132500068246852,4.243712521661643,2.991509708830197,4.217711621678428,6.587915811924864,8.978933519687857,5.1333598033004435,omnivert
7.490328769242121,6.979732803558932,1.7406939641379533,4.403883353776925,2.1346826117546285,1.2033838871953213,9.330625028144281,6.090083266228215,3.966777737467937,6.64378552461838,introvert
6.485382489272712,6.9461319312951515,9.51106183345724,7.725025317066074,4.60407732310005,1.8688722562898947,6.739747850864815,10.0,3.7741999077111137,3.575313584094111,omnivert
6.809145747519938,2.445010670938421,3.438556001837751,4.206914473234464,5.226009021115083,2.503713704890239,7.651533599161362,6.55876398734387,4.451739036037806,6.101332199904227,introvert
4.614917302478929,4.438636980685442,7.534758128076819,6.368586224970963,8.211275717609901,3.9931642593076333,5.432320950138138,6.804772260293432,10.0,3.7390707571622595,extrovert
5.534987620034773,4.5531391375778965,9.691216928222696,10.0,4.658031038359474,2.530204063100193,8.924748233274181,4.9106658231868945,8.51961665769399,1.5249640983896526,extrovert
5.714929002326665,1.651954899091264,7.951810459226788,6.66376232248825,2.939141295007434,4.371504802685223,7.077562740513807,4.539785564761154,9.166312500909212,1.435630217876241,extrovert
5.220418681621098,4.297726588539468,7.4294880583356315,1.0100212964757098,3.0337973899702897,5.696063689585301,2.812997855939126,5.240894625218005,4.214046441079371,3.605374356993534,omnivert
7.92092167498349,4.235333039114964,6.467901709015629,6.492564948092923,2.1769598754620803,4.889550591290664,5.028287485875521,1.8707901053279459,9.62543478441477,4.800591564874749,extrovert
4.1707697271482935,3.0316452194539973,4.325864486680935,7.7089070987956525,4.246415500879884,4.651600990412633,5.663655037119486,5.186664197036892,5.6823512315689735,3.657263985428639,ambivert
5.966694507791716,1.0,1.0,2.82893032475701,6.38600426089475,0.7551050025913755,6.59044143696009,4.473301257968882,2.763379525152772,9.996479398572168,introvert
7.228762709518029,1.0,3.1837124286383762,4.510767700361913,4.084748210355948,1.3748272339287566,7.182738780967757,3.2592620229084193,4.0391535477732905,6.0,introvert
6.183970334105811,4.598165221563265,8.292560856525439,7.687836753971861,3.2788483090683425,5.08195348542795,4.210147000918303,6.769614360407305,8.310879609222967,3.2227990925777372,extrovert
4.955354095807937,4.557998169697999,3.875729044480873,3.7130063893997955,6.9121578276302635,1.3944987668103144,7.069744608215068,6.205693977221096,6.0,7.179638861256334,introvert
6.141635548888038,3.9856492456300887,10.0,10.0,3.5482534940453343,3.160166328579424,9.821057782474556,6.057475914331608,8.494403981170953,1.0,extrovert
8.477049415785682,2.2719166684969654,4.8221848480722755,3.621108490023367,5.5249986438145005,1.6740538190778644,9.086858269774604,3.485646670370662,3.02277441381065,6.5185856018931245,introvert
9.106570837978587,1.5961331756201953,3.070516819031948,6.002737280522906,5.023779127375892,0.9454099778059037,10.0,3.7120802995785347,2.601593159570842,9.285296600483367,introvert
8.496270058641663,4.2526477657264845,3.2249450675062215,6.136292505905547,2.768351689169122,0.5769303657436521,8.48613539219184,1.7016485355527982,3.286374786215566,7.476613470191018,introvert
7.946868024850623,2.3142885253787275,1.5205393065496424,4.226146538430688,5.424858710041037,2.3147636220195453,9.196072238912766,5.248348832516164,2.575172941582151,9.275188748945032,introvert
6.56265503806127,1.0,5.243075013303719,6.51907846513055,9.915997306661936,2.670506400296445,8.32084897085964,5.803042776418505,5.952701135516469,5.703528180185375,ambivert
6.312612971703471,4.945553432503871,3.3133129179777256,6.819109757712401,4.12276390287508,1.6109183306776838,6.024104495162633,6.093581697168749,5.342094076631049,4.640453610681668,ambivert
6.441124295715692,4.018419509835256,8.81780083684715,6.944078501870841,5.594797342632828,6.559385508713461,5.792625090312517,3.421531359585619,9.138391925608383,4.353717430010408,extrovert
9.086621622223998,4.033122935410189,1.7340607281658071,6.054131476569384,2.40207894989305,1.2638411872469864,10.0,8.063185778446597,3.796539142341315,8.05529506595978,introvert
6.637545400612163,2.912834873255387,2.3661894074284677,6.6789251182292695,6.924644319160324,1.1256446347091293,6.13550857855516,7.691462019302534,3.7769921645871776,9.654163552953806,introvert
9.00635555208793,5.3816621385099275,3.9022659788569602,5.836640257292502,6.864442161825659,2.2253377623660255,5.334828036012647,3.369111896995186,5.846450993042731,5.026968732953987,ambivert
5.31331957698563,2.974300729170234,4.889863962645681,5.385633091877195,5.71881694366594,0.9228587951944802,7.379372135693295,6.854232769727552,1.5749047538008092,8.09939908462172,introvert
7.924900251542545,7.068265767935278,5.928544905883724,1.0,5.065682385726287,1.5883428709456133,5.051771072802362,9.792364300106454,3.426021752943666,4.841719762618426,omnivert
7.184470127134634,1.8438197933400726,7.942746372629625,5.664089599856615,2.079663214686749,7.410610417141021,7.623932134570513,2.861039761059581,7.691734278359074,3.3019436291836533,extrovert
4.569828896010872,2.4238871439074368,7.97077448928682,6.321015809238076,4.348724347524453,3.5032291216234173,2.381839505633017,7.251544232242333,6.982126253319191,3.772646323307927,extrovert
7.082275569767233,7.2966257785378374,8.223930947787629,5.844616024176344,5.618436868028977,7.84694771497065,8.012167424260097,5.8958877110368455,7.899576434261295,1.0,extrovert
6.604612839738417,4.688776392659485,8.838708398762883,2.94734250448286,2.512980443493713,4.726975383794068,3.728653851442799,9.860843760016222,5.645709103008575,2.7274785376581736,omnivert
8.609771098637058,5.318485785003644,3.0954390248359793,4.767714995828085,2.990154663995415,1.2144134976355572,10.0,4.702541561847357,2.620855117355722,7.776890622861475,introvert
5.162157621707628,2.549560621208432,5.747108173495589,2.913821607456156,3.7125079618325714,4.068311131981663,5.112841502808985,6.2960821126331314,7.86053400071089,4.382270803378526,omnivert
8.429303025728172,4.465785649439059,5.696760657989609,6.956362636257943,3.53734812696507,5.484308964500986,8.190854097472558,5.01305628656819,2.2854950940486267,6.753326384186143,omnivert
5.91406260047432,1.712286902033891,5.768880629663855,3.323614110884617,1.903570521181785,0.6847964225821466,5.015918014455584,8.644391950600145,4.877330354892407,4.285397782817673,omnivert
7.232929157144029,4.700161712833931,4.777320420095172,4.205579022918095,5.762130372431697,1.11134995177673,8.172108911716974,7.444802961469722,3.9056857804168414,6.956855615613628,introvert
5.798053761411523,2.9951232235498324,3.1164281715799955,6.105187398697266,4.989483686675607,1.0377629880189012,7.246503478990283,6.445880869054064,5.541655117802973,4.882676577545878,ambivert
7.5960569836134795,1.0,9.000706585458685,9.714810524588843,3.9734816869149663,5.449946082509713,6.81163092367296,3.218795630563168,9.170480617241212,1.0,extrovert
5.934573151027353,5.133347685446061,4.764732237794499,6.152343635255412,3.625697684331355,2.430659405437239,6.419522688110692,8.942703143609513,8.0,4.243099626445426,ambivert
6.7158176719119895,6.015234840582238,7.223675866753311,5.37942825464253,2.940846066528597,8.586487056544378,8.935895213122969,4.02746727826323,8.997743089091394,1.0,extrovert
7.2787044365932045,2.652724234198203,7.323105643115926,6.855891688312121,9.004540886847245,3.7989590915813998,7.326796942299257,5.676054432668605,9.421650111924459,3.3208971960669507,extrovert
7.250636314005707,5.4631518139101285,10.0,8.07290317834733,6.079549713792826,2.0,6.380375866274634,3.3271710653056292,9.17286123596682,2.3748430453144587,extrovert
5.760971315766953,4.387713709821318,2.381385758512833,4.74073443596022,5.278669262885341,0.5240468491252028,8.576025169435228,8.44099063460247,4.292154788449207,9.346849062443791,introvert
7.221560630238765,5.1211298782254975,7.921099686712415,5.498961757622693,8.507985977165378,10.0,5.061648366006356,6.963305418394614,9.1863184569567,3.952276990799292,extrovert
7.491715355151397,3.6628077668685255,2.6668724783841014,3.2834987045567328,5.582651264541237,1.5037117187087723,8.867062176560964,7.637385281210751,4.077626135207462,9.551294347421848,introvert
8.420582870212932,2.5176592896574412,6.105965147583198,5.605639203187551,5.583501946735697,2.9181404499225154,4.883689699111148,4.260169050681878,7.159257627688496,5.74545064550319,ambivert
6.723370449783699,3.458452455146513,1.0,4.8645070830816,5.855500212536063,2.056292128183944,5.024567112840048,5.623366594669689,1.3199288662951916,8.621722042435971,introvert
7.402069634900941,3.293552009090429,2.003661201244429,4.2894374116419955,2.4299195049352806,1.349132935795237,8.06266724048926,6.612832472613783,2.878623993505968,6.0,introvert
6.658149407956395,1.0,2.8970215655386933,4.011583421777244,8.506839656857998,0.6095543330708867,4.233453748477423,3.4621720518244183,2.6283713726404363,6.58529181044201,introvert
5.182183330376962,5.719256176902229,6.0,6.669617637438008,6.298272228704142,6.685053898402366,6.761037202478349,3.633319517852956,8.962060893251897,1.6528389937435866,extrovert
6.150796641257463,5.35249682206922,7.953789836599151,6.152298027313444,2.8293112825797975,6.531878435408199,6.201996317625229,6.166114219336096,7.1340442887994655,3.5025107330771212,extrovert
6.353711592044051,5.265656575996007,2.5173914359063314,5.39936775394793,3.5471999026724053,6.360583049449312,4.7740791738083095,8.407607598592875,3.48201744923376,8.465335326045496,omnivert
8.58902228457467,4.080644421498292,5.1861029325033865,5.692976447819824,4.51034278916075,1.2959004203727462,6.2347685917477556,4.832287360307026,3.4829661996250705,5.431987489809905,ambivert
5.735397405562785,6.772583163675795,4.217619955845132,7.751769297604989,3.0446400710878856,3.2939813407219454,4.539873563954249,10.0,6.9686329929066035,7.58964110049051,omnivert
7.206207207752238,5.364259329862515,3.0018469070655662,6.287561245660598,5.30675265997022,1.8086773234491822,6.754952951133209,7.67145012048209,3.1894712992248,9.163482830903488,introvert
7.014838114163839,3.9680559536468913,3.816617531810647,6.706314385107649,5.21034809280083,2.21454055219634,8.113774927065723,4.7307286975887735,5.383737983280571,6.844599010756574,ambivert
6.523212096938366,3.682997618872247,2.2574851028105867,6.24883125760803,7.683610678149291,0.32264128841210393,3.9255226505319882,10.0,7.699461369382641,7.249084161154686,omnivert
7.256570552729276,3.897325899664705,9.95935249659898,4.9920481584477985,2.5119244134204988,6.901401303565806,3.307144662849433,10.0,5.880258186585587,2.7548309700253575,omnivert
7.36132880703009,7.1228858365062555,3.650062983810451,2.723954162666161,5.499372654776451,0.8432450289110718,6.769698690038278,6.2396558550196115,2.0194812890438714,7.861868367292113,introvert
8.144802116191842,6.9609418843023105,7.314585212260644,8.337490368782584,6.0120594686277515,5.047031802300336,6.091428035381824,5.349120458855664,9.03450564848055,2.5573569924400426,extrovert
6.2421067250016025,3.187914054863802,1.0,2.7416493698450397,6.942270725091163,1.1821597730255575,6.547264884171476,6.986050964127513,1.938133588988887,7.833785306471331,introvert
7.263569903940418,4.541348230925432,4.804873643325855,9.0,6.27684578862573,5.054168241035406,6.376131042574326,4.171598243845377,4.224798695923573,4.831372363104759,ambivert
5.415452064298869,4.925989901305748,6.0,8.160712106940599,1.353219535183701,6.2623167697655555,5.441473764683346,3.2772496643514137,6.935758388288948,1.2618842050315673,extrovert
5.908735054246313,3.0536409609746302,8.895504279232664,8.780123338170462,4.954552860504659,7.1314744250785935,2.9988770782548335,7.712096243628503,8.433867385374178,3.539377934547417,extrovert
7.236233483042948,2.991674127645455,9.74406137254124,7.85818373853977,4.847952935664318,5.050469196214633,2.8512744920824122,6.230853738701018,7.926398227103099,1.0,extrovert
7.274324974694105,3.424042247168156,5.423324104785042,3.4647056735507977,4.688920171865844,1.944433280732477,6.884899220768183,3.9063603488977785,5.565642292659903,4.673514413734323,ambivert
7.555946236141727,4.463954572256951,2.887569404341202,4.483361994077097,6.096316931981051,0.8153329683904165,6.506328906675002,3.2502699426972685,3.437345515022959,10.0,introvert
9.314612756826108,5.93143779064652,6.012339210171945,7.7944463157647075,8.011532350537117,2.720649599537463,7.139483717175258,6.055472939092572,6.068325681704254,5.451277975087172,ambivert
5.507697906631359,2.147147158020452,7.777484236850971,6.002194282220685,6.820841871882623,3.6247186573307615,6.629039612955919,6.323752170070335,3.8360971202992493,3.035198380215121,ambivert
7.2237451777233135,1.5109604842641948,10.0,5.503150569663333,5.744019629290723,6.1035837996389315,7.586021737838749,6.760103842787038,8.14297079919339,1.0,extrovert
7.555847550518948,6.332569207353426,3.8215875492829143,5.40464202742325,3.4955659621465505,0.5819450009950073,4.23166151238097,9.393180391206963,3.8660452876599924,8.603708442348497,introvert
8.254106168901703,2.5158745092501875,2.3903205309890625,5.374106374760797,9.06359781754212,2.2900502821699615,5.068912173510245,6.217785021955604,2.572358614436979,7.491488381572756,introvert
7.442479776781024,4.364191833561043,4.804441002573114,5.0696514540613435,4.321456696421388,1.109215483294287,5.250939471052736,9.31022722273294,4.42321964470743,7.952126739497945,introvert
4.536550695580917,4.072214348385842,4.615829022040462,4.889154332494414,5.9601208087668,2.1370266120153287,3.58967114048009,7.110603693859889,8.0,3.9812884447684134,ambivert
6.578302917143521,2.098196243031545,1.227273920324079,2.700453707452038,4.029393078636096,0.3012047734083215,9.689695181765302,4.928871101261084,1.6976085576025015,7.603891769958275,introvert
6.077538087377961,3.0716187798468324,3.827915116067487,3.631439833323107,6.014475501353044,3.0825562540076277,2.965285551084128,3.504398198060177,4.286391007086322,4.937171154799153,ambivert
6.719015950331997,6.938340347076943,8.515541862959102,8.241045279424108,6.019445003442963,5.5207052396867615,2.4096505575667875,5.71214930115576,8.876409526097516,1.0,extrovert
7.68775337588944,2.723006195630416,1.5918832275808885,3.925774215580547,6.564012397643886,0.6362172515112928,6.331445792873322,3.6692071253953156,2.2972558299595267,7.153071820285562,introvert
6.410615503429474,4.061993821070514,2.3075679027462033,4.5118202770420925,2.377013555116281,1.514645640004259,5.8456657163161925,7.600021772885735,3.461018425061955,8.34702040774247,introvert
6.187463264943359,4.667494376805177,5.7827295711406315,7.183326311322963,6.349796299811631,5.4301093001903435,5.892435355680599,8.174316621489897,5.627094907750207,5.199348059958458,ambivert
6.360839376667182,1.8783953746644606,3.0790133093558496,4.08808306295974,4.651209558578677,4.8503668174063606,7.333771729914187,3.811434191278158,3.9303771457094325,3.8474771801069787,ambivert
4.967801090997913,1.8709320958522797,6.607290938887407,5.872372251523468,2.0475304319758667,4.583306145377847,6.6877788560092295,4.012012420458508,5.797662292796283,4.68841689110788,ambivert
7.746483988367259,6.737811208886884,3.7282367730224135,4.227826396128725,7.300797176790127,1.2693581595315173,7.504009620702001,7.5303950114160525,1.0,8.680126071421016,introvert
5.1692584860421,4.067541870867747,4.377684527556288,5.0535009661590475,7.820803658534683,1.1515067232595828,3.933417004829881,5.462908159053432,6.614698269787302,5.805858027017356,ambivert
7.500958107785554,5.147690462016175,7.576111103755512,10.0,6.533288891871934,0.4181493404927723,3.3203498306954398,6.238826618053989,5.8298934979823045,1.3608770847436729,omnivert
8.380320875077956,5.818494256304828,2.2701350646938967,5.211449246993969,4.7240700621850955,3.814031004066625,4.823467330272315,9.082379541882377,2.6530116930537795,8.653008745259049,omnivert
5.78973437910855,5.773809434107394,2.8512585785702242,5.808295500109467,3.939601741765075,0.17677541102417083,7.535829503679604,8.141945242605859,3.121917633084298,9.74330665415142,introvert
7.484861028177446,4.022666321407231,8.608728837328757,5.515365309888752,7.688383036941897,7.355680256162474,8.501927702092011,5.135444632075824,8.3090962082727,1.0,extrovert
5.176756040855184,4.901650937723885,10.0,7.237560364956887,5.351133141799908,6.973687794184867,3.2843264249253634,5.011456239046798,9.559936384046622,2.197762699078723,extrovert
7.803325616071873,8.884515599552195,7.33541032518644,6.194051506516218,4.331409940639038,1.2397128655776968,5.828279846742409,3.9977012809620005,5.716272987263394,4.4235065860418175,ambivert
7.312530716000267,4.386483729706947,1.0,6.327292067631384,3.2926603429392616,1.5425489982484608,6.325664673530806,3.4172808215856962,3.6144541780259907,9.343093901076916,introvert
7.568599505094145,4.121533266538196,7.88098896346474,7.560887536805824,3.2418964575655416,6.2893430596459625,10.0,6.311451195443829,8.487911052153946,2.991819286239036,extrovert
8.12957269692098,5.382772989937127,2.734578077863949,1.3702835124433728,4.075652271647913,2.007577430876775,7.441208981282791,8.548490007830924,4.65874959944207,9.841378522153418,introvert
6.369809763162087,4.220609437890145,4.3068628123677914,7.442250141455952,5.464266837197829,5.522453707005367,7.955178733004456,7.629341023453905,6.230440959144517,5.8431600700370225,ambivert
6.342513634951678,4.908247266059303,8.559984009195485,10.0,4.862307289010538,6.528268018416547,4.607086851683323,9.872510495750097,8.65415776151787,3.1203585687908397,omnivert
7.226170913221724,2.875881180840561,6.609829903831518,1.0,8.383884803905202,4.502641897716823,7.023157400574275,3.6302877156574533,7.544021882911371,2.1482737413936537,omnivert
10.105490768236821,2.6573041723439177,9.912002811535665,1.4869574607601415,2.253234940117513,5.104741806371619,10.0,5.66540573557424,3.4082107697973054,1.0,omnivert
8.77232131134193,5.050379745421398,3.7983817710999306,4.489432521779168,6.3566333847504755,0.0,5.84495578479544,4.312441757434183,1.7214198508888447,8.874729433484541,introvert
6.628945148978542,3.765742502138168,8.45889169542086,5.940141109311703,4.669424172198397,3.633464081853608,7.597451545600469,5.17602504139376,8.730700905718683,2.907242966238472,extrovert
7.878244845145955,1.0489285074542183,2.0347601003097266,3.2446189443055804,4.264716646132607,2.0934670204239634,4.933700482312584,5.461200996628842,2.5446535121011276,8.467525428910385,introvert
8.89505537860887,3.207919923945429,8.325894604634447,6.674542269231869,6.777184917554748,3.369772673849255,4.454390938614726,4.14169985061635,7.630336918725305,1.5561049094608168,extrovert
6.090061517334892,1.6831055765483498,1.3412022357721505,2.657334253101356,4.743984201963565,0.2790770107577045,7.547748333702373,2.2674305215202097,1.0,8.409992278343152,introvert
6.584098502057417,3.9480705037583173,3.556029969028347,6.8254002957313995,9.834491946265988,2.0991828155380134,5.590266858078394,4.954884206337599,5.293388351413633,5.8357602591748545,ambivert
9.546587436415159,2.961811604977001,8.269342182271966,6.497864319535427,4.045725648350263,2.0,6.937481701546434,3.2137337343056926,9.193478911913994,3.4772829870092585,extrovert
5.444660002900127,2.944243714784916,2.916051973125904,1.5472436798429197,3.608986240114538,0.43927141625021426,9.058998242437472,7.973289280872383,4.196991824418355,8.101360143667938,introvert
6.738344925529152,1.0,3.3184833880751574,3.4078843532170184,4.761585599105108,1.130051736978255,7.154405185996566,6.279236955113931,2.1353706354977344,8.003777272287593,introvert
6.595725847857834,1.570408475113784,5.552283003330968,2.990375682422787,6.547921024153469,6.529822814902402,5.499638293371685,8.119997676994377,6.875550284338224,6.520237710846304,omnivert
7.755435501066173,5.86908193183477,1.091344042709233,4.274519309592192,5.068664724904735,1.9653625491085267,8.300266715082449,7.415814068917722,3.760530408203035,6.654163823089967,introvert
9.077403558120759,4.6152853851189395,2.01572330241486,7.875642984671357,4.504654953141921,4.686904404223372,4.9750207923214935,5.363991084085254,7.043035915580446,8.654107029644198,omnivert
7.508667378932783,1.0,7.716824313121691,7.953459980687583,5.904560815242438,0.8251740870268884,3.7959854115322402,5.389481286253841,7.922834298885783,2.8192277173939004,omnivert
8.480469134003432,2.1180469257867043,1.3946216724696692,1.0,5.038676666720583,3.0356910447477183,3.529292789124492,3.191084911857439,4.647374446697533,7.8902583728356355,omnivert
5.784602655598691,4.125643752982034,8.11534493232918,6.956338587895302,7.171384224130284,3.6213292123624914,3.567463244996242,4.326538796197954,8.540919175395722,4.176098223853691,extrovert
5.301555109539503,3.8042317327776565,8.700713822391156,9.891757594837458,8.686373253278795,8.156388283698115,4.039520073164498,10.0,8.925887206193035,3.2495276654544005,extrovert
7.96932811755014,2.4286301295690516,4.215315021631358,4.68417002116966,2.0640853725603856,5.227672437989863,8.63416621218482,4.1204248180997745,6.742990182276597,3.0,ambivert
6.988981175937833,2.23613396539196,6.326271168969933,10.0,7.893821897522704,4.714653159581824,4.2381240232274475,10.0,5.227234976684684,4.1563822580907885,omnivert
4.903725170385334,1.5732813182305176,8.310855994427069,3.5638458901892247,5.5687506180529205,6.375580032125167,5.436504097237619,8.74130510206693,8.901941005194615,2.851527190705978,omnivert
5.879495516631883,1.617492282719729,3.993236753600765,5.06466141705129,5.638983225439267,3.164147040092395,6.272060320076686,6.811157787857554,5.785948893446816,3.0,ambivert
7.814971330525834,6.650807216351767,1.1307897882967142,6.09775794857158,4.6806268147410055,0.7108918020890973,7.242357885598227,4.07283841062489,4.510735800895004,6.351398210121608,introvert
7.332028959196023,6.931507982028325,8.771267311841052,8.450665321398148,7.348054038413802,5.949369451503772,7.447190243721304,6.773335111825187,8.847676483538336,3.333268969513372,extrovert
7.983247921767288,2.826984780118452,2.332907187644147,5.459206969134943,4.732250517338434,6.590413999364303,4.863434885396456,6.981875939804206,2.7521725150932057,8.395687752191357,omnivert
6.4336817610526795,2.8361688083634524,9.580872878761191,5.861530852991132,4.276964394016104,4.567926996263515,5.293235602074079,5.509739625560351,8.939501230620227,2.420319020473682,extrovert
7.655598047202101,4.583519155474592,4.574751098534248,4.141777472813576,5.446320863365696,2.448122588813706,6.268800994451039,2.849709162210397,5.279520024752529,3.848267288313365,ambivert
4.7592817688899025,4.366234544561001,8.762206162018364,9.354139762815656,4.048512373693069,2.0,6.984834031940299,4.370798230746534,7.8827468134530765,5.0,extrovert
7.272951921524955,4.00943865949273,7.329293783274094,8.325078148536829,4.074308434645671,6.117666025197927,1.7943896053477846,4.986326393838445,8.514273067836434,3.685557844077567,extrovert
6.588742580167876,5.242259185080003,8.708785796830771,6.012911475815539,3.520790359482838,6.411775544163215,9.34434182307589,5.92856045365587,7.85851309095569,2.613932901874131,extrovert
6.353486995184685,4.028228025648924,7.771683098908083,4.5342387538052344,5.821178866343519,4.723408824863131,1.1798833300902847,7.115302204319902,8.564351915227569,1.9995716453397283,omnivert
5.890640814244534,3.8981407199801876,1.3319453943675585,5.240482271464726,5.014637446375933,0.9646059954908338,5.938282297921578,8.704491049749507,5.040173850270469,7.6715248973998875,introvert
6.104105984151714,4.342763001865104,3.3147363853146796,3.8813792726752796,5.560062958328165,1.7605604896964668,5.060382498879486,4.426118053748575,1.0,8.037675038639332,introvert
6.687629150474275,4.056684812071593,1.214957721872285,7.397360799396677,3.816356736263695,2.3608708814742823,3.926580743559808,6.969479164129926,7.013151767243278,8.079490687228109,omnivert
5.684535610157722,1.0,4.72986831220333,3.534239867154178,4.228917802368887,5.93760807296906,5.983358219153213,8.94850270166234,8.36286624340405,5.580927640711637,omnivert
6.331443312913323,2.5403909148395503,4.197606788973869,5.486811007227385,6.261556142730104,6.98844460981671,8.348491117535712,9.254279355450583,3.20535987198028,6.745781123761675,omnivert
9.169130209323116,5.9781700433955365,6.675298275776892,9.777768229192626,5.771718848163314,2.988845276272473,7.214440961340223,7.858396543205748,2.272115879116825,3.073098131758364,omnivert
5.909476395030432,5.556683989283821,5.987631299039189,6.642600163990918,1.0,6.778373964283952,10.0,9.04814069696417,3.896364562728098,4.471414797481078,omnivert
6.395829215060561,4.88545450871171,8.334825830924407,7.352490559807875,3.2869481825166593,6.9697555720996345,7.1001504668041076,6.619730191934277,9.821304032273012,2.431883173101643,extrovert
7.944501524490942,5.74882771171784,7.169710316142507,10.0,6.925996860344776,4.280434191361236,5.097341367160682,7.092685513965855,8.079238206318946,1.2228903486095297,extrovert
4.54095307561139,5.991136308622986,3.855700714648717,5.8498208970581285,7.010485997981145,4.154167767012744,7.957920953641498,7.894286239266117,5.139452452550941,3.0,ambivert
7.716673861904062,5.203578648564232,4.161438457112688,4.768042075215713,2.86573616010683,0.13377808201628016,9.896331231281621,6.325487479960054,3.9994045080652847,9.272107687890399,introvert
5.141658041363504,3.0823479522564114,2.441164790994356,4.1390022382046805,7.252911291005871,1.1165257656104863,7.63289122525249,5.398680662482597,1.7940773779087784,7.9753273311793915,introvert
6.735354125012155,5.957878767084159,3.99421161723403,4.531876585052619,6.868326417217909,6.970215904969257,4.679698499048248,5.406072820124054,4.039056230438537,7.075058263941845,omnivert
5.522962820279254,2.921124958683209,6.17217571425947,7.163050275004463,4.4131504577324705,5.542543153472123,5.481200144602161,5.67786129614666,9.230764119066524,2.0803597472562485,extrovert
6.700236214797617,3.877068734877749,7.672617505183585,6.113440167585606,8.341236585548016,3.3586301565006953,4.479981213742871,2.1653428825362644,3.959959362888575,4.712774205560702,ambivert
7.5558217543211015,3.052753858268642,3.1067070902030496,5.3261963584104945,1.2455451592970093,2.2603456872760628,8.98179587205507,6.267937863530849,1.0,7.461748596166567,introvert
5.9673912986797415,1.0,6.064532332917836,4.608347551356445,5.155007931205088,2.518209982071014,7.227924541426483,2.8248752326694895,3.989302942293879,6.636416405389466,ambivert
6.424608439120908,1.0,4.86705061214777,3.8533116456373513,4.964717818202413,2.491823032567881,7.4182304694622445,6.073536731091186,3.0533491110494904,8.536872724482771,introvert
7.238072220612984,3.325838528649548,3.876304836339985,3.899203102051461,3.2703556252951715,1.0064186907684105,8.718052527133018,10.0,5.780204345824814,6.2586855206491725,omnivert
9.628546750971974,7.377107510588596,8.262980393196727,7.4061103081507165,6.8924127296268365,6.0651599009765995,4.691736863219325,5.388687522258614,7.852458194364841,1.3500151183249782,extrovert
7.1940382320457035,5.41553118159247,9.587184774139653,2.2934264201826493,4.798443588796892,6.1705851457348,7.123251084714816,10.0,2.040394629050776,1.0,omnivert
6.504402613427879,3.3947414703740706,2.6476938419874174,3.2152526438862017,5.933249950809238,1.4377954187040993,8.944654877150304,9.768715325930081,3.8817838322066027,8.60602530592852,introvert
7.844955817659131,7.470063395389429,4.476481540181101,4.284169072761713,4.152104676473185,1.650071973738019,7.465339924396348,6.970651456198081,6.5497235846575235,7.869800433408261,ambivert
9.344988920500343,4.190356824288664,1.8817379274301087,3.4279789845143522,4.664180908468219,1.222766064946527,9.549176705341772,6.19338548391785,1.0950021039091862,7.385883730469236,introvert
8.627488034284987,5.424992849133284,7.333427457007694,8.243522831958908,3.7878323481822656,5.081352645696268,7.315129268407466,4.364887587088672,8.746504778432005,2.4347845752792066,extrovert
8.888481059866127,5.7144315469651055,3.2075137447693063,5.446636744568965,2.005556666069489,1.6582601803978845,8.24869721463136,5.941978189988241,7.058282073841147,8.324151851169288,omnivert
5.2125623759436435,5.75747261136307,3.0,7.918625804163633,3.6832438140586268,1.0,6.031660063767452,8.075437967667966,7.295641789388434,6.458688645217741,ambivert
5.499969360659141,4.6165341480529145,6.574496476432421,4.37041218318368,5.89593219994711,3.4457528259810117,7.025428048946425,5.060189879028676,4.460778087924862,7.976122516457826,ambivert
5.180028940695051,5.875104395305932,1.5641764645340335,3.3159922414204885,4.81818424530784,1.0058410017397745,6.2533062408523605,5.68663402729766,5.060871577817174,8.57540905760193,introvert
6.37916441302932,1.0,4.679823766126435,4.9004956213314514,3.4837400864463004,1.0,6.298958265565579,6.1645929762662455,6.446524857982741,6.644650036821872,ambivert
6.7592328414094816,2.889017956033669,4.734979825336788,4.367042560926104,3.5976312592240878,5.285819144873212,8.58254504505679,7.807092078224845,2.81511866859298,6.1037849199839425,omnivert
8.692550974244204,4.5259469109874715,3.533963349397533,4.447488584990646,8.489876454906472,1.5434726582413876,5.920149976262295,6.779241127046213,2.293026418273323,9.621336907984059,introvert
8.306740716360839,2.053213593494089,8.23711952563088,7.025387325457797,2.6866778063035555,2.310593865466409,5.031960868404479,4.6670823442521465,9.278936503512114,4.335353323627942,extrovert
7.2569124929562445,3.0455362869296065,6.099316611817132,6.93130838851877,5.728455297324079,3.863602233155386,5.313566462866536,8.072953636218585,7.902489805308359,1.0,extrovert
6.718495439949824,6.758930043404639,10.0,5.339923676108558,8.190840092309955,4.998333967089906,4.471882245898598,5.545530338948536,7.8380178222033905,2.8591067508030656,extrovert
6.362834922625643,6.729509299456431,3.9167690949425733,1.546615286375875,7.04384030967335,1.2181046821414954,7.6041392290918965,5.861640637206104,4.173944739474777,6.516637044763446,introvert
7.290354725879241,2.2332844281136883,8.033982051356553,8.657548065972517,3.7791732694320954,5.359002443881818,7.059869291950575,6.937824581415427,8.171381524251016,2.266152733094999,extrovert
7.260130676515155,5.043743113531238,2.0017434785136743,3.9422131765820017,4.31237718386259,0.3681547751784925,9.081221761793874,7.081352036411921,3.9486813249634514,7.209152870133626,introvert
5.995285082740359,6.969065609783058,2.2850880579806123,6.9804259027384274,1.2425318111703758,1.9662332915783245,10.0,7.767992904830625,5.414280998663959,9.24065726590905,introvert
6.352490535115442,5.746569163218906,1.6620701879418909,3.235087146705752,6.724664428005024,7.848235912920609,9.925565221422083,10.0,8.731483446207129,8.315793568184485,omnivert
4.3006810549590835,4.590059932433422,7.757112080618089,3.455739620034818,3.539875396318772,2.684457613573257,4.761215844556114,9.11056563963085,7.743229031108205,2.1323005606918675,omnivert
6.216004920911546,2.504289790460132,8.776635127643289,7.351665520213286,4.375066448211465,3.8936420986393103,3.893828640237649,6.118228629890969,7.97396515733242,2.2232119635162255,extrovert
7.441179151589706,4.48610324510456,4.163619276715412,5.689763532328016,6.067502047323003,0.5803080239851344,7.312551722163464,3.6764881013594217,2.197864993733515,7.830164435194583,introvert
5.3208325902376705,1.0,3.88430841198031,4.717595618939073,6.890405800167999,2.7387566358599624,7.7341185782894994,2.0037502229286988,2.389672133243438,7.118920013634755,introvert
7.904061351981631,6.685207894163307,4.848951604346482,8.667403858956716,4.872542553880304,2.0481995293483823,6.543077962098064,6.334688036241518,3.0,4.894753100583654,ambivert
7.675457032209225,4.168070273697972,2.442293791203073,6.379263951641225,2.1628014822436095,0.6960923581089516,9.241803441222284,6.619084788203761,3.9683815682612904,7.47168895473632,introvert
9.141730047022113,4.224553779395082,2.5014673445523656,7.103197548526439,6.611882903291685,5.239528836538573,5.386660804761703,3.5508494921472358,5.486907719287863,8.456652600482565,omnivert
5.225773611559087,6.2997968124191654,6.3866593867588675,8.591444315455469,1.7584161579482886,4.346979198546562,6.790977307453532,3.0922272790161074,8.664760841236516,1.679979873119102,extrovert
5.561258322407349,3.411988154483721,9.902950150785275,4.401049311094399,4.976483419557811,0.9435093989938679,5.960388846576102,7.978306428103662,6.047608503186596,1.590219683453562,omnivert
6.3833192480213885,4.448951837833075,6.318244835445041,4.084963543158071,6.40099144755607,5.03124115938892,6.821706205173944,6.365062200016356,4.108113138498117,5.831470493781589,omnivert
7.987053894523827,5.619279775779852,7.379253859879554,7.0175474231739265,6.288904284756594,7.399108270882648,6.084970553943037,3.164000212411466,8.938475738809727,1.0,extrovert
6.691239999258652,5.149618851784542,9.1105986089562,4.488612706104011,4.67896303454054,0.468292800640401,1.8915795983222026,7.002833245949033,5.415136241986416,3.2967010975783877,omnivert
7.95635895461191,3.1285351644030213,3.1873481129428036,4.288251276510526,7.290195111840397,2.599489673411236,5.619329407397694,4.442091436712513,7.632543824927273,8.0,ambivert
7.061894907431644,3.0590050932101853,8.0,5.595390413137362,5.752951350976749,4.615343702277956,4.84412541212145,3.9822022189567714,3.0,5.402292496406668,ambivert
6.586406456845578,2.355834772628855,6.667941046963236,6.222746709941867,6.10030190247235,1.0,5.1951886852681834,6.193132999525378,7.745135178985711,8.0,ambivert
7.477512459936171,4.9148835514142615,3.023170467400055,7.818796559095864,3.7067155453695837,0.0007872316332788731,6.686199542024934,4.338542267229878,3.3769749723571536,7.448282461003428,introvert
7.734962552816323,4.583302650798809,1.0,4.55917057236111,6.374626374077922,0.7134187940441925,4.566273046904133,7.687777509440721,3.0290161062176315,8.677810830320148,introvert
6.831660359971158,1.0,3.802099798608501,7.551540147021838,7.896552073289272,1.0,4.114860865780507,3.7096094075072785,4.892048408794985,6.620711848039905,ambivert
7.550064044261781,1.0,2.0930532648759534,5.373856978213208,7.881097188687193,1.5107005833841347,8.541688168932613,4.704387476149217,4.987914135655556,7.395716457310739,introvert
6.838603858717921,3.6635869153084273,2.5225828596887183,1.301106560767746,8.057731626626786,2.8122200883685124,8.523943481115861,3.292146087727786,3.7101111235686997,8.231116302477567,introvert
5.82629394850186,5.298300632648287,5.986955185644104,7.2578233894704365,5.613340588143344,1.975535016941271,4.974287734193688,4.772276952145933,7.082209649641935,5.870095676630398,ambivert
9.926628047895102,3.117057425443168,4.7844914225179656,4.868202968978186,2.2680473325658883,3.230537120494402,8.15094820216556,2.529986525792936,6.803691305827291,6.481035961347222,ambivert
5.89814540018825,6.203107755662808,7.699773284319933,7.479135515233814,1.0,5.418431674385128,4.1851230677151365,8.413363426777261,5.288918044885724,3.0969101818503373,omnivert
6.3717088139121,3.9013989513901146,6.7046483686179155,5.466667882408846,3.6972486402056512,3.165958638778835,8.333347934883609,9.364717655268203,5.993929832372245,3.0760652455560216,omnivert
8.204239477470429,5.131021916675704,9.426819837329063,8.047441503699337,4.544685106469767,7.579809374792153,4.0968450456915875,4.364057458533194,9.640149038521267,3.2713821340267524,extrovert
7.309060468867317,4.044118313666097,9.658590789245032,6.4677744822334144,5.183984202842021,8.556936852825064,6.732475433878279,5.500534016314218,7.543563623181991,1.3550708437321277,extrovert
7.130540036624759,3.839957336373768,5.477959370461661,5.103904311464068,10.146533968909456,3.046570800545762,7.026264345197589,7.228424618698084,4.653319849203827,5.759263465924532,ambivert
9.238929413373707,6.122734931314888,8.780241413550392,7.573290105488557,6.94334412808647,8.839809008702812,6.693691683860129,6.293605307660695,7.048824309948441,2.3118186099956497,extrovert
6.614508680658506,4.40547541104559,1.5215492460206548,2.3655376121074907,6.015951962442362,2.1116444288203753,8.657375072515888,7.140302626513308,3.2233152058765366,6.711573609298697,introvert
7.303798285645577,4.9931334398396565,1.2384281060327866,5.196554795319861,3.66745179887255,0.6488915659396755,9.537181529650477,5.745348247358898,2.605879878470244,7.491331949213177,introvert
9.276151579184736,1.0,9.73251752488791,9.371613109010601,7.818659606728496,6.339064887814056,9.212725139655099,3.5570209189566473,7.428946320350951,3.224031830813819,extrovert
7.018742000739524,4.593115724031416,1.501526434180172,4.286780194589181,8.157281656496462,0.0,9.492403616621747,5.089885051923176,1.0,7.126193718836221,introvert
5.886936003025927,5.86949092457587,3.805329893435308,3.9590864270441495,7.95606041921627,5.256950712490187,5.622613017652754,9.845880694891948,5.480076711180102,4.869038428723344,omnivert
5.041582137968299,4.39705036792725,9.437953036666046,4.626761329486947,2.736816563072838,6.348299217830648,2.0397464061060635,8.151034348669524,7.137442592013904,2.6095438782099443,omnivert
6.720059220211277,3.402409974015863,6.418123751205674,5.707195819756248,5.645486657394465,3.879441098946839,6.564867672409928,5.376273420011533,6.1775569748360155,5.097443059061547,ambivert
5.983847538317914,3.8871776249082908,7.4645798801422645,10.0,4.410161826382101,7.548125051622925,9.094666201129948,7.831466735995855,8.035595737690612,1.0,extrovert
8.024771171862668,2.286546771959976,1.8978589686261618,4.46658153122443,1.7841970972034256,1.136746126508355,9.642229792118071,7.81013435031625,1.0,8.858881089405008,introvert
5.203063997673102,3.080219493647691,8.540572428149666,5.8151558200085125,1.912157773616074,4.891958821753593,5.299152095066446,7.944911435373158,5.472528349503718,3.640990708732425,omnivert
6.912605304811753,2.093415660599887,7.216851224837131,9.9586752081661,5.306573776259215,7.916732461186285,8.451035212878603,5.244180029001197,7.518834468860319,3.1494397380410444,extrovert
7.116493059217649,5.543787321763634,7.378866441156594,8.396100104774787,10.391503959233653,3.406178034636121,1.0,9.107158352137384,7.076042847549855,1.3243515016204053,extrovert
6.710203064955065,4.8163156825980415,3.555300449364884,4.818140029611262,5.076666036137646,1.568217299985843,8.424640659528253,4.557536899848965,1.6883465274901228,8.731431254250321,introvert
7.773514518898212,3.122259842281067,1.7082871903675851,1.167815870885926,6.312112244856162,6.862124386979538,7.75368626477735,4.649300571002183,5.334368054460564,10.0,omnivert
8.37896445816224,3.5674585507331535,3.0990612352249314,5.570425994739919,2.5360229177484084,2.367724793595469,6.053680657044422,7.993439474525813,4.080371279072873,4.735251225247299,ambivert
8.101434336465731,2.3663854083251237,6.242750143748216,7.98254670929402,2.359550560219087,4.005576641704353,5.34837159360241,2.24556441407982,7.63722423595688,4.412312561918084,extrovert
7.497838600434292,4.139464933333953,1.0,4.983123466150478,6.7064950011427875,0.7367007122914028,6.960063836505979,8.267127543656382,3.4186257875177777,10.0,introvert
7.095488241930599,1.0,8.749300599750164,2.83938822016694,4.930326124515597,0.5271373202557816,4.802499755650489,4.822031448555094,4.305474669749683,1.9556720481356786,omnivert
8.08303955209039,6.077009442169283,8.0,5.55553916666592,8.058079832918509,1.1468720146829339,5.5671736627824595,7.435280301248806,8.0,5.2779677401979574,ambivert
7.910589299396332,7.664572363327228,6.092767662036575,3.3680945869158885,5.287611819920493,1.530313253572115,6.060696351074675,6.495029837842559,2.9676246074973602,6.113819757767634,omnivert
6.508238507447761,2.893830189356029,9.976806451481988,4.724447481875663,6.895173940678398,5.844117232210613,4.69997521575827,6.810313616810205,7.424184025770641,1.6190910070383784,omnivert
6.22028172778208,3.383411438456023,3.3244789550306995,2.099593343244435,1.0,2.3697567509741093,5.4254951962669375,7.915535056222482,2.7242191602611854,8.049544946704927,introvert
6.1575362873471775,3.9657708257751603,7.980292524712698,7.053654744960012,5.718789589209786,7.871408309325994,8.181738432749695,2.345893278950879,8.070755579701338,1.1257121267781363,extrovert
6.724749175162294,1.0,5.7146503114646485,6.396043502093992,6.305289022928244,1.0,4.353691228667637,3.909854452413077,4.50950610737294,4.817465741091548,ambivert
7.123746200929667,2.56262887379423,5.579023681465123,6.544453938595002,6.5823860146008615,3.157911552674239,7.318236712349886,4.008320458328084,3.0,4.064378384100075,ambivert
7.879665137759198,2.906376174796799,9.377495777582267,4.495072569857593,7.51346014245413,6.306201665366637,5.0908178843251575,4.389163705994884,7.046252533364684,1.0,omnivert
7.7042285125603245,4.615160756398887,7.630666118056399,7.656301655927814,5.038130939582644,5.165756572427177,4.032556865384387,6.912665853830573,8.141659847978778,5.0,extrovert
5.582996899609437,1.0,6.118726694187269,3.0,2.807718554839589,2.8833555956882644,8.737919630184665,5.083519425500039,4.399334075788932,4.697450372962645,ambivert
6.641191179440959,2.9852958049528455,10.0,5.780481910471968,3.6556693516447494,8.623022393453706,10.0,9.021042070305018,8.65175799224874,1.9457096067499622,extrovert
5.779980245708203,1.9341554983317986,4.963566429401995,2.346135714197209,5.870351073659828,1.4904925021956186,3.3939915279401394,7.08096213080345,1.216554870697557,9.962957367362979,introvert
6.753659176604499,3.920149380079189,1.007105599838969,1.5409801639495067,5.147732992898043,2.165396847722315,7.10130070169221,6.8301422384847745,7.171446202430184,8.461553786202863,omnivert
5.712006361332525,3.694265756180085,7.3354300033106385,1.0,4.292323405013627,6.9388371129228625,5.6906555112613155,6.688930345469005,2.36593460590544,2.5477040247564164,omnivert
7.5456890945693615,3.259432107191196,2.3758825308516593,3.1721269708136663,5.768592994495585,0.0,7.544820824365858,7.5338283950787,3.97849550726502,7.597707101758368,introvert
4.686792904785268,2.680540608056819,2.585504499893071,4.034538441922645,7.169502652649764,2.187801531235836,5.6623166899573105,4.345787063318317,2.7877113699495775,7.83898374718769,introvert
8.298120073207395,5.399333234976121,4.776746433727734,9.3646394543921,3.954681109458352,0.3181842076353155,10.0,6.5620371986224715,1.813677312458152,8.819867617746569,introvert
4.409989699733043,5.439840307039096,4.800352881458091,7.907497849944749,2.7229795021655168,2.6723745391008866,8.523628486261055,6.992141484048741,3.0089132573349735,6.793165592784437,ambivert
5.705784710362483,3.934138046182724,7.311640078795457,8.726370564419895,9.297469962710478,3.2659001547703896,6.937995057445066,10.0,8.523608977580604,2.9194182963106208,omnivert
7.463587981373872,7.397837783212343,1.0,5.497054117999665,7.8734692403546624,1.8268717318388854,6.815838610451912,4.883543559546188,1.0,7.024611691596122,introvert
8.232273541909498,2.6514908921141647,2.6911322991857487,5.3325691006936955,3.0349193775594396,1.1941441013539782,3.532458808126489,4.3886167028169965,8.206127173182626,10.0,omnivert
7.776743876855237,3.8854724731247146,7.601656098196122,7.888771982269807,4.601736518091115,5.116343049300948,4.841069961669442,3.5740490114269416,6.025752245233157,5.697683737317004,ambivert
8.87609603059853,6.201549520771585,1.6395806210464765,1.0257842055466853,6.942958647514686,1.3943056105202198,7.269281488028992,7.69088605545987,3.146719939639961,8.879394898186094,introvert
6.692584297005544,2.815152857799073,4.241201725757604,4.253497191171913,4.8397598120671,1.3450009300816403,6.425527427686847,9.393336508141793,4.9806210146757515,7.736396657178847,introvert
7.724444986147153,2.984101422329698,3.415202888647706,7.2703883718190205,5.094954005061835,3.449735702631365,7.037220685409404,3.404174732405408,4.062967138472068,3.7790402743764826,ambivert
7.868963871177397,1.768787885055569,9.052857883112456,4.240401865280798,5.3401830946749005,3.8911330247111504,6.181288353409702,7.737938361460774,3.5984892992519333,2.842129552982352,omnivert
8.248517071173806,3.378735613951551,6.460203908780972,7.70808143827245,3.4861452781097118,5.83742730917793,6.389252333701167,4.1389005521947375,3.9248543438154813,4.281507427903909,omnivert
7.844758966154352,4.042244780126708,3.0,3.3197831672794758,8.026569004737409,1.8616505877762841,6.82178830473487,8.21896684211873,5.257428525729093,4.899813122921885,ambivert
8.189976602097483,5.73216984198426,6.622293676591221,6.989011492603668,4.269294466477132,3.9545852339458656,7.539450562199215,3.1864784692130885,7.106369415061881,5.277479231788268,ambivert
8.89072547098688,6.274936911838218,8.0,4.414821550275176,4.553756990781289,3.2661249389296625,6.976334778310223,5.444898613654971,5.8885432322255715,5.232099505849669,ambivert
6.210598535377436,6.262868590352632,1.8613977242473725,4.402967092451222,3.191274663534031,1.3378035091288298,6.885726917086149,7.789680223685063,2.7136916706702303,8.521403175309567,introvert
7.0546862078845765,6.741623339085383,7.615583230166816,7.700311357173423,6.4866358017617785,8.82251842909574,2.0073307287126694,2.6319188054517038,9.195537757565777,4.356157202026209,extrovert
7.013119615891828,3.0588653433346833,5.9045016834809205,5.507338894006779,4.133533914444624,3.5928480230548803,5.854752298032536,4.85594335668195,4.677152574164312,4.229028958223295,ambivert
7.016140437543152,6.727800655034046,1.4201633790934638,1.7939646473528184,1.6901110919787223,2.2663722239816178,2.6618741525380534,8.18539647838108,6.056754584049868,9.486174296017259,omnivert
6.925882960167845,2.231870738341577,1.20714870761829,3.009961950627074,4.2445321878309885,1.3558738722161103,7.240887442472037,6.207213934018833,3.9414094463427465,6.133551519390509,introvert
5.406176741321883,2.50780898034027,7.465396974319074,9.045425181047763,7.242249406863385,2.766242603169158,4.5491629290606115,4.7252470621371545,8.145959289058975,1.1172102803120303,extrovert
9.662536280137761,4.7552979496434125,2.500819382748979,3.4140145023860864,6.857862580118557,0.0,6.552206345994337,6.995891060358677,1.9779296473956391,8.544302628211062,introvert
8.959875419823929,4.099460976916018,5.385809165396637,6.324498326849503,5.376835625534419,4.087418588817959,7.81273995059849,6.303300046749792,5.751425478294067,5.9989826072156625,ambivert
7.838703622096947,5.356155034304376,1.1060188865797782,2.7851936767759145,5.171516029935936,1.8880634425896963,8.605751064142092,5.29151865542014,7.968663071712045,8.783792315267798,omnivert
5.157313452151473,5.152863631361483,2.346814382178172,6.528304018300717,1.7336995838828324,1.239446665216178,6.962073817013516,9.473349860260766,2.2672858798344606,8.344128934859103,introvert
6.424990914585652,2.5272027701797493,8.347002372689381,6.564346558956292,5.86373251011699,5.154107880153154,4.325152016258808,4.81888995309065,8.124803619676063,3.086043881392216,extrovert
7.133107107651839,5.058970971672238,7.4723227300709905,5.575511663717146,4.292029626568359,4.825828057763921,10.0,5.740441371827092,9.284604287898024,2.427021472644323,extrovert
6.79705277722862,3.342566240518276,4.942302910278821,9.917561235989655,5.778995592294918,4.6175979713804916,4.104032717710674,7.394842485108001,7.284581401108303,8.02523783591704,omnivert
5.925344938339233,2.519796151565097,3.6062131089208393,5.217995786299271,3.588723630611514,1.0,6.277121307888255,6.19894286608149,6.052153972235219,7.729594064992564,ambivert
6.32704663691203,3.0114566152657174,3.0,6.757665918124611,7.252426148544693,2.653670363998163,5.612994315514339,3.1259611341463094,6.002393538843232,3.7522500763617637,ambivert
6.237330590314716,7.158879528965034,1.5016540990066587,3.707554430005531,3.6918634205279997,1.887667897874845,7.796940037766897,6.405488216067488,6.0,6.764033270267677,introvert
9.355104628636953,4.359658780693684,1.0,3.0072772772199308,2.9390888579950665,1.488518313148636,8.633975192812775,5.3263357950631125,1.5083572173003117,8.477776718147044,introvert
6.441033317058205,1.2148528199109419,3.009272725433215,3.3269947612334443,3.690771250012468,0.9921598873859899,9.289123978359932,5.103960433910459,2.828038746740411,7.973558163194875,introvert
6.293359807913565,5.540000186237282,2.633647122208063,4.979287006174433,5.6571540594383,1.0901512273688962,3.569752108406715,5.541382065946846,1.8423420639106873,8.643696679869612,introvert
7.25975030749837,2.4496884376091255,7.419336999134814,7.036325303696248,10.76476412967478,9.044503193339487,1.7715684503390636,3.6630470115714666,8.112900297525599,2.4047131380769673,extrovert
8.14951846625882,3.131835572314655,5.183693027319436,4.590966760245956,5.038827202952774,7.767237691598956,10.0,10.0,7.690498837757559,5.022244715644542,omnivert
6.869205807146343,5.637610021182093,5.399041495048427,6.073796906716144,4.482046943218593,2.9074022697464827,2.47743177278555,5.109584355111139,6.89912964385789,4.416791175056705,ambivert
7.104351642444604,3.9134246385232156,7.439767128292334,6.234988248472651,5.996519592980959,1.1340614118790209,6.015124586506568,6.88324576434889,5.616651203458795,4.4284723250738205,ambivert
7.173865399716269,2.904538498168539,2.4029458025614465,5.245310385761396,2.1867535846444524,2.51249165079063,10.0,3.913610169688403,3.207967775565127,7.455903069939375,introvert
8.83884126961374,4.634508943042383,3.6733786596234403,3.257705590552148,7.014990298674971,1.6425193251033674,8.702871593785334,4.064905904238602,2.6155787636226413,9.258179181260711,introvert
7.354749386496514,6.303036876983953,1.5509207419989361,3.8220759421321837,4.4612072563477465,0.9018595328384202,4.965375887076841,8.977221064518869,4.490673321795659,8.060273238998816,introvert
7.400631959882242,1.0651481613127478,1.094014783218926,6.018956114466108,3.595367238522406,2.232515568738038,5.700948610817344,7.500623148889643,3.436421046509228,10.0,introvert
6.292731286179468,2.225541106344149,4.954132654258782,5.241145589411453,3.708990959382789,2.7298735143841966,6.303021193001642,5.6748250941237295,3.0,6.078704162687048,ambivert
7.11441303932957,5.719541004827955,4.406352313652315,5.899692108511604,7.285907740217539,1.6564057666836127,5.680423262130708,8.735261444236691,4.084240342478268,6.0,introvert
6.4189191125604985,2.240400559362608,7.449338884557272,6.366382260760733,6.741344195101356,4.937344885763573,8.25737974298437,7.536845940151713,9.117005949576697,2.4902180271558128,extrovert
7.252363648266394,3.380684877932392,2.8013879012443015,5.877582272637839,6.037187162088596,2.8763451561600277,5.307827724602717,7.589483016283498,5.6944054634821395,6.43201337934175,omnivert
5.854485220853283,1.477246275521467,5.577988048261966,7.082153861016127,2.8044260495749818,3.777903187591043,8.130114730703221,8.933529914028878,5.306643026844423,8.0,ambivert
8.237199426995142,5.227515348330935,7.94064354841708,10.0,2.542827508440317,7.893143003328983,5.744230592393462,4.121432416839996,8.324145595567929,1.0,extrovert
6.340551670485358,1.2739534434746194,1.0,5.221362139123343,10.140081444034518,2.2489339982420997,5.764068306926366,5.736398784325816,3.7190414301441335,8.48028302663213,introvert
8.126098506146937,4.2682714611249954,5.408602547279074,5.399612788579241,4.169368978131826,1.447985380398203,8.04126383125817,7.081293785703648,6.6816183119671475,7.845988232270164,ambivert
6.452655007030974,4.403589527723428,5.0,5.482463376332535,3.1932989788080812,1.4548168038390996,7.883611704037455,5.1760108197345165,4.3852629240710534,6.716894607493904,introvert
7.419580056759632,3.1800288531570327,1.7630529219900206,3.6423809370659077,3.106422707147377,0.5325745519723001,8.603727348385732,9.50885603637628,6.0,7.902744842333908,introvert
7.9762206608436035,1.130030214170139,9.43405595470981,6.0262689096925355,5.434493459568003,7.976566142867272,8.222506778829066,5.413761242334517,7.288828070719219,2.081555604502287,extrovert
11.0,1.0,7.662679648536854,8.128528514049068,2.0948327915243192,9.208185132668376,7.1148222964377466,3.5742387696607003,10.0,3.4767043627354854,extrovert
7.373570408131462,3.306960738916845,5.0,3.2615194757967867,4.294358688432077,1.6687233609317194,4.8613026682842815,5.147622165190981,1.417338486779326,6.451326293664538,introvert
6.918554341960622,2.3080579075298804,7.205807880148736,7.226576424391899,5.916645017251184,4.077884080031497,6.184410426075685,10.0,6.465513427057658,2.39199613409522,omnivert
5.525178476136177,2.7453195375530397,3.0,6.3541472462560655,6.694606733663038,1.0,5.345351471557923,4.756299108346413,5.162861522712391,5.622064048027299,ambivert
7.67432873981216,7.948484708098128,3.2391871512156474,3.0,1.6586222662293553,3.617371284638099,7.0358408704263,7.872163739578502,4.967830168974464,8.0,ambivert
5.73353653438992,3.3475582484330344,3.067734862616751,6.3407007430401725,2.857768666345976,2.313867709668735,5.576453768456132,5.3099024354096365,6.602122893611512,4.438040579490396,ambivert
8.636051816246008,2.0998489183625266,2.609569616570194,4.358756753829096,6.682272235847865,6.987131663273755,4.059368986292535,7.243900451633402,7.185459070124708,9.291637163922113,omnivert
8.027678553188167,4.9072837279321195,6.0,9.942594934692806,7.7066037640330425,4.397628567342933,2.360283334036688,5.304082360186625,8.248461113955504,5.0,extrovert
5.672398031192766,2.1891687133005364,7.234712018898421,7.21397639885498,4.581278200919511,2.7561977141372873,5.0486733018415695,4.670281420501493,9.781643795003768,4.070976559932173,extrovert
6.397891547698556,1.4665652061222003,7.042043306553856,8.18030145227097,8.492088622978367,5.8693606117298165,7.716355656159958,3.9241825370600445,8.142554577189573,3.5345617078677916,extrovert
5.925916189268074,3.683984898101412,2.8030826151959483,3.9097052160454067,6.716492383369937,2.199603920564927,7.237210979111805,4.602495617192927,1.0,7.765161762623718,introvert
6.947193346069809,2.764013423488027,4.046273900891011,8.166390070230568,5.562854018707692,1.598977055907785,5.731129277150574,4.656909013754104,5.3414229629483545,6.220486562312572,ambivert
9.260801365083829,5.972054800493757,7.567735333229095,6.834363281293324,4.148887681306421,3.7644622075305105,6.825852583845057,2.7523757612985724,6.562194790742921,7.571209882682514,ambivert
8.46155098276667,1.0,3.5735766250886467,3.3909428888114457,4.0819580847390196,2.5249666016458363,6.964710148175069,1.0615347051699988,1.4036699897739768,8.390693380144484,introvert
4.525386274302224,5.450044854155308,4.796728593907264,5.912794058251155,5.4352944926586115,1.983276867757447,6.879086219041678,7.169284638517719,7.003406553513415,6.990891686191953,ambivert
8.556699040223265,5.236076567827418,3.7635524786067083,3.042778050015127,5.0720891416249,4.518186600523963,6.530134826488655,4.430040149342184,7.350087898614071,6.430186076435405,ambivert
6.5601915755583375,3.6654776460530547,4.011079887744159,2.350272278212932,9.092721645853928,1.1498883381382121,7.5138245266559185,6.2767659362321035,2.216802644970011,8.826997348489202,introvert
7.97058448273342,6.978064493055359,7.991487856210934,9.0,2.172319253446089,1.869453485576629,6.588038364187376,4.347880320739333,5.595105266290739,6.256228542064721,ambivert
9.022017134450211,3.7791239195276964,3.4786012269331152,4.993660168065194,11.236806111333536,0.0,6.126850851015931,4.614358879591612,1.5377901361157371,6.7616404593833845,introvert
8.82763582768963,1.753990272463271,6.00684687978081,8.093705300156113,5.596169893322764,6.615620612703724,6.075010222278406,4.297914776583507,9.31788965802503,1.0,extrovert
6.361285928594109,5.563199759072677,6.474414160147843,3.0,5.958189512424729,2.5218220258411748,6.4622296013538545,6.126799228602498,6.540627881060154,7.1504127702178595,ambivert
7.667226516210749,2.8601834859130415,3.567199080760899,7.566757435953702,5.636743131935318,7.242574627008718,4.189108869392682,5.976911026270577,7.2841077023599246,7.423834593475362,omnivert
5.436907025255755,4.62659226648648,5.536360363938216,7.817322385367642,10.180592996090613,1.0,4.856891139195055,6.388830918745629,5.279534526929293,3.0,ambivert
5.071020118526527,3.189882151337361,9.878628835081209,7.65806325921894,4.990045565158289,5.9815063589771365,4.445538538765803,7.540073290684338,8.092963687073219,3.3559194958292964,extrovert
7.992619898843229,1.5158173752131954,9.594983036158919,8.120698646177248,5.130195727114022,7.3651816637461796,7.074673174225533,5.993003753117476,8.012771435886448,1.1219702327708585,extrovert
6.9627292805549175,3.2593123397880754,3.0493667319109417,3.9104208644078984,7.711800848714618,1.3948241633490757,6.6624240437933135,4.358483629512053,1.0921214983309158,6.646324934230767,introvert
9.641668854745522,2.3005703983676433,3.783116086990336,7.6369484344429015,2.906534605159921,3.4538545951726713,6.912151221121325,4.974352297147855,3.0,6.145517257256587,ambivert
7.747253468680322,2.9495212125771912,1.8018615599295353,4.37089546081366,6.792979075451541,0.5524953431337967,8.099264227592727,6.4061519817948245,4.108770742052352,6.5401030350371485,introvert
8.285851782681863,4.254262852157434,3.0897153432642397,5.046210444081992,6.440088374736404,0.06778624646065001,8.559880382304815,8.504499250935298,1.5560234821215355,9.315856541876304,introvert
7.485978053153147,3.9095714029915536,9.88878411594804,7.064588183717023,7.4451088992534595,4.957752797914862,5.661877596697474,1.9361208646523667,9.597152711753695,1.0,extrovert
6.694063635515693,7.420483163759736,7.779816386913314,10.0,8.224264807370158,0.7753386165359588,5.6156094964368375,8.766031392942443,8.035070708051853,3.2503300118687006,omnivert
7.361856810800335,4.330015610329033,7.527993425207168,5.031901879564662,2.909842455872768,2.0,6.792722182731192,4.96493737636643,9.104515326355367,1.0,extrovert
7.7853172325267455,3.318232294114432,1.4964093154160691,8.789079655470612,3.5148439865423544,2.4297908130546064,8.76496361702753,8.330085409517462,6.971468938213854,7.9762716971661485,omnivert
6.862316270239721,5.013344626043027,8.144037592061913,4.270664110571276,4.093647149748225,5.092652499646068,7.847412455829364,4.775042903287999,8.54977368718096,1.7621463287406922,extrovert
7.616543141094651,2.963527166839576,7.181618902402642,5.685538471963191,3.5432544447699357,6.7616233691095555,4.929815779517231,3.971034102435933,8.750200206251694,1.8878487412596692,extrovert
5.683236966840587,2.727593377622772,2.5408328932866784,3.407307567479486,5.168737179364736,0.7138829237012219,8.071909238166997,3.150672892118861,2.288732737344053,7.311079189659682,introvert
7.698431880501673,3.7907877223804753,3.188493305205296,5.759202756777607,6.544285091867872,1.6301039223599036,5.595516747527616,3.5343947428990514,3.8887954609766417,6.872644109616821,introvert
8.049420488959028,4.804370501444857,2.875758568015786,2.4171861692531835,8.337062690296072,1.3650894170603605,7.009009756006001,4.804767093201037,2.7625417829855046,8.120949287173767,introvert
6.015181217977948,6.4635368035582275,8.29200733918723,6.460642203306139,4.750358384900805,5.5293763894583945,2.5203433497422525,4.30077862310837,8.698948146796495,5.0,extrovert
5.1444664972223055,4.330251613680821,3.656835776425549,6.932085504807451,3.97428911560689,2.5998272998877536,7.287051393617194,5.764321972297848,6.381667341834473,5.157151913310686,ambivert
7.415737851396371,6.299818279417316,8.850027736759223,9.546210644960766,3.944366624818249,3.0514035274212685,7.425009213341731,6.358796056639679,7.16968637426101,1.0,extrovert
7.6596198235483115,3.836063451364551,2.9156507743452167,6.387184507340116,4.21777147955071,4.681558283142831,7.058949838221456,8.759657239868698,5.153755773469532,7.759454411014558,omnivert
5.556158973533027,4.306834787793828,4.259849031134324,2.674075961669281,8.053930772176376,1.5589086116116218,7.242504120933879,4.136152069898025,1.7314903432588307,9.244590678389892,introvert
7.441012492648722,4.192703415386134,3.9424789022922546,3.384466786780662,4.816356359507729,7.604850972638983,5.138075969465788,3.5771648590767606,6.175322042807666,7.765063448641914,omnivert
7.281092850447125,4.606757126920626,6.575058523358064,5.185698607871195,5.906707516809996,4.26264228920932,7.0576496247662455,5.84062313413064,3.1533190200640475,3.940744947094106,ambivert
7.006136147970953,4.93482372563411,8.818269787551573,5.855587369657197,9.264048992950068,4.854640322315729,4.570553232664788,4.44756507853144,8.689706167610396,1.6299201379449355,extrovert
7.750609620197243,3.8764587170461566,1.0,3.813227420726266,3.806298067749271,0.8229890074379842,8.035304458545449,3.145091478468614,1.0,8.88025737620704,introvert
6.40244578381859,6.1015176813756025,6.780503471564034,2.900915142938051,7.141107005775794,5.032940629074134,6.571934878543474,8.082709563134568,8.2654670605535,3.2307592100161475,omnivert
7.262517684141725,6.259189749849551,6.383800198348884,6.226736617880412,5.700579445014077,4.162740782702604,5.848845234099965,5.244396750114673,4.425478091296149,3.188067008647063,ambivert
4.7040637064106425,4.831786253673887,8.035707367394894,4.0,4.730888911540349,6.4730032876524035,6.8808461735003466,4.396023412025483,9.103187431082343,1.6775690552640987,extrovert
7.817631412531537,5.887672827549814,1.0,3.164523227970192,9.114393287275771,1.9130429494958043,5.941559377725798,2.9988183918544733,2.4400976310880287,7.779025021180158,introvert
7.370623178544584,3.9345220774128924,4.458149581954345,3.0,3.2120219973532564,2.813783241297199,8.290785825621526,4.6539853255543715,3.531610610011947,5.454938264877757,ambivert
7.446063086428052,4.5341472657606845,8.0,6.752459523391288,7.969758034772674,1.9430877706623346,4.939076223854655,5.783122799163462,4.847286685896671,6.963823124961627,ambivert
7.714035359002677,1.0,2.4612632667406356,3.0092059877477197,6.177105752571828,0.6936957800921664,7.277575468233703,4.842716197131721,4.303158750886157,10.0,introvert
6.720053725904328,8.160266208897182,4.3246224137743265,6.20856221567008,6.633023858882379,1.5746059039548455,10.0,7.0715008155965515,3.502737550668321,6.436622708398787,ambivert
5.505113465545614,2.5728289019277804,8.912497587373156,7.194629459846458,5.800603522923756,5.493251085178096,3.754408797891988,7.493135176012859,9.922369861698508,1.0,extrovert
6.296301821333472,4.660265277913796,1.4424474623954335,7.939281344956664,3.8651837311713204,2.6350245362737414,1.4862236180324304,9.407324412048762,3.896742455098537,9.584124501008873,omnivert
9.43208761418122,5.477661182397477,5.274621963975015,4.5434897648840415,6.122976754114127,1.3115417628012653,5.817626775885372,4.419290514090877,5.4026309008824684,7.680502261110927,ambivert
5.795134483789588,1.83613085306304,2.7692075881336993,4.77375154589882,3.4704810136282958,0.8893224493590732,7.764066673012409,5.109372280929738,2.7875271209848096,7.079763154394537,introvert
7.854348960060718,3.6263481787425285,3.600713470580761,5.728521200978517,5.979540347165286,1.8698219742632034,5.355057341137162,6.917186053746093,4.535028509260267,3.0,ambivert
6.230702480153973,3.8019901023381073,3.8816305068559473,7.475038522445448,5.558381007871135,7.966418942239349,3.69448522801269,10.0,2.213475834969281,7.680608552902319,omnivert
5.3052355583976505,5.191835214137884,7.6289934518376326,9.241240181067779,8.3831372413158,6.699857459992409,1.0,7.501273887806285,7.986786433528414,1.0,extrovert
7.685068612831801,1.2726560880426057,10.0,6.442482216362387,7.558311274651287,7.942067391050706,2.515910719574098,2.86865475547102,9.106723059136183,3.787676674984998,extrovert
6.191294346804351,1.7250145076666001,6.326765053535709,7.748028573828174,7.448246738591861,4.082022146570015,5.420280636158248,7.40940097838575,6.05009162827872,7.268575323308898,ambivert
9.158877080828383,4.3338838005732825,3.490371619470991,6.130096141960783,6.001263348682927,1.0,8.229297516614551,4.250243480246001,3.306656541218429,4.2677288312721435,ambivert
7.2158972434557,4.771015691189305,2.0204838599731527,9.318573467200453,6.658693519513552,5.6282267214522435,5.842229228638711,9.022689732114934,5.950107452688812,9.681792567578425,omnivert
6.511869740447333,4.539590024083846,6.338078255781067,6.621326377426252,10.761230019703744,1.1274965634277039,5.592983499189007,6.7654077112412505,3.864954256789531,6.098783075322189,ambivert
7.929560864115204,4.978048346283883,9.060391924984007,7.486321505033695,6.721171490567646,4.441894645307411,6.208110137236514,2.966841798016831,8.761250531233856,2.6229933346203405,extrovert
7.264136647961743,1.4413635631182542,6.145851076092862,6.316027782443219,5.624102697645989,2.8292634038486666,6.672350712347093,6.920684434644357,5.844452972610738,5.094059880189613,ambivert
5.144689215635593,3.8386049412286587,6.3274784028686115,5.710569015600349,1.0,3.1053374398198046,5.234105981930387,7.573571182476536,8.0,6.9745752230184275,ambivert
7.975030986873038,6.084599572300123,7.252231368290283,8.805101596033131,7.160671633088491,8.442340654987216,3.7526267120582033,6.234065624692343,7.388542043062968,2.1559138838979583,extrovert
6.505025185734476,5.515205394611223,7.046013432293794,4.55720531576638,5.1084294580628375,6.266320739510931,3.0812406964706094,7.858013316828123,5.192890462626433,3.210270482411708,omnivert
6.907477948703075,6.7042426937728505,8.683720736278644,5.718602371455731,6.152266044484236,8.95392770246681,3.79633611246262,5.670775009795651,7.995820168992329,3.210448115217182,extrovert
6.9622729955502685,6.15504446256141,1.0,2.6032523895675515,7.70164279684521,2.043188616946301,5.708347181021114,8.205560566208009,1.0,7.143698396111389,introvert
6.211972785247104,5.344565512188478,1.5069995001931582,4.494043256189162,5.93792783171195,2.5069415556582255,2.795109276269911,9.90155591510826,4.270195647129064,9.217085029370665,omnivert
6.034821088408009,1.2651770641416835,2.262474725218382,4.009955680220454,3.754077819092599,1.6135572125986968,6.810684673931118,5.641637645162524,2.913906952388946,8.851223017346381,introvert
4.539040172807022,3.3082145916542096,8.0,8.559328962038093,1.8768163593300216,6.0,10.0,6.489887463647724,5.200592991454481,4.866806253890814,ambivert
5.951597329692849,3.661534685403997,6.155669511881099,6.512016389017985,5.135206025234886,2.8298216427970067,5.18598704124296,5.34972608262855,4.564072875638098,7.6405133540485926,ambivert
4.69747454164115,6.612058494031075,7.799458303619775,8.97264823048739,3.475791249479665,6.576592158099266,3.9369329369720405,7.431998738054761,9.984116028535965,3.5249934892166044,extrovert
5.1879505456176975,5.242132617405902,5.0502181557502235,6.166749473755181,1.0,5.867214794679246,8.219771475415923,9.797107987663583,2.947931948724796,6.582818570500303,omnivert
6.464182057519575,2.2256931165960214,7.457232416901108,8.353474618777913,5.4247305951503035,7.0567221523332755,5.85875757027704,1.9058840060633317,9.283390509282595,4.032074943144098,extrovert
6.606805424082678,2.1954471436519443,9.4260719281377,9.563560219967428,6.951533247797384,6.937906621330134,5.385318310659295,4.342240202121386,9.08855326977072,1.252266687654333,extrovert
8.005396642275377,2.719368050649331,7.485546615973435,5.98726801315594,8.3240537570865,5.158848347437814,4.857944346152256,4.342403341724707,2.8017300782844377,4.984885687039103,omnivert
5.543955915702503,5.683823256727797,8.0,5.288329512758281,5.950115770515878,5.228972651154876,7.936992480863204,4.376918728522714,3.144377762741522,5.317788972174933,ambivert
6.834082838594578,2.1561022455982783,8.551016095074123,9.570137031221178,1.890235798670962,7.135532598400574,3.775605798737913,5.431701942912265,7.428142766959844,3.1129792172210062,extrovert
7.66390146398174,5.233913929822368,1.0,4.3744230602261815,4.668066144105283,1.2480687956921308,7.504482544308419,2.2741069417650217,2.2963037186843867,8.392226480732525,introvert
6.961566917009626,3.1002887246770046,7.701674958056863,4.898834923141888,4.263777136652852,1.0,6.608142149599523,8.172750581503205,4.267119501139371,6.046939530913076,ambivert
7.6417808036150925,3.355547116455425,3.3930228523780412,4.714573154818429,6.511931106911731,1.4493222848038227,8.84605402804964,7.025389458766389,3.4017654567994997,8.019230338754193,introvert
6.7654697514485385,4.10784382676427,4.5408909461882185,5.3350225464219765,2.8439582817515503,2.179577141965098,5.516154018231935,6.489623937639227,4.411858385224907,4.574727113512427,ambivert
6.325254964910833,2.9196096211141693,7.3807463261391515,4.89042933183285,4.346216260953702,2.0,5.161752062624782,5.855295286118617,8.337207093927706,3.2526741042513176,extrovert
6.037267276934058,3.2778031506054948,9.33044429669949,4.269914829594428,5.248426159800704,9.830004689802168,5.013127285003991,6.086228156218661,8.987872284871074,3.6140236275395834,extrovert
7.750800817318007,1.0,7.188329237528876,8.945818675192365,2.3867416529521925,4.3962837082151065,5.264660466618316,5.767814470281745,9.179373282956503,1.0,extrovert
6.992741777633098,1.0,6.737775586830052,7.629950312762295,7.0760981686341395,2.6322270094674822,1.9833287217997917,7.320688055090063,4.424688593931289,4.449060444642136,ambivert
7.155392383475314,3.469760247100008,6.513627822263806,3.0,3.925348174623842,3.5177519492726583,5.666462978583212,5.396062341131673,4.261968014557141,5.344120732781742,ambivert
4.856960209679066,3.4806123474237314,1.0,4.314406580587746,6.223322122494033,0.0,8.077527233434393,6.627124988155567,1.8618521130969374,6.329649942857922,introvert
7.217711944136766,5.286297623145913,1.0,5.716197968387565,7.774629084729458,0.4066426692477515,6.383787687064201,4.793230562542598,1.4240650172582983,9.147554002509615,introvert
8.770879214790813,1.0,4.872196399990768,4.910914055044186,3.183032876293529,2.384004975986995,9.29947757630275,2.4628726116844883,6.409485883012431,6.034944424152403,ambivert
8.02543027247994,3.0363968433707984,1.7711746801453465,4.6093111470232735,1.9963423864965617,1.7372249373832427,8.745031273517364,2.8857791475310273,2.7027064854304204,8.288247012735468,introvert
7.015602270253488,1.0,8.235825403641764,7.222068511683437,4.454553958961921,2.6632685341339366,6.3913728954558,1.6017115630598002,7.824291920838388,1.8739497795923734,extrovert
7.110112931842603,2.5200032879804235,7.264653571418736,7.953953197858549,7.23921184021132,5.564008298131533,6.633446564753409,5.919458760636667,7.664857098369977,2.3027911064924984,extrovert
7.26464971241664,4.81108614315257,3.933715434252325,2.284612608702148,2.7891049937754215,0.6118391721894026,8.191983944741358,2.182822314905522,2.8139679189150044,8.895933637522589,introvert
8.301037892852252,3.0404372763715,5.631140046410205,5.852294120586891,5.567438109802106,4.410539125302513,4.719872415337147,3.5092063817736268,8.603088780719567,5.8824949874549475,omnivert
7.499004203543272,3.6700587228528447,4.680345121810048,2.2134065105199863,3.0703877282227134,6.22697523636393,7.810729066664315,5.732644937031493,2.51972801531382,6.598567243271894,omnivert
6.0489751138807595,1.4825783671255457,8.04560417380184,5.844950090739189,7.798546652571352,5.299691847040094,8.374526948772731,3.770049727479051,9.00066572138121,4.300118434640292,extrovert
6.393103954885676,6.274672019778404,4.336234238636021,5.281919857520721,1.4483842537772462,0.0,8.304946638026355,8.117948589733004,4.003260195819327,6.0,introvert
7.209493375398207,2.6085823890601603,9.403154708534807,9.014725634013951,8.559100638921228,6.037184557726514,4.3668379218592985,4.0539010438333465,7.206727042128836,3.830936255900113,extrovert
8.474776602986875,3.7490850388061787,3.0058553002438737,5.774417982774319,4.043455595186774,0.0,9.300446972770132,7.014264293142961,1.7646975440612258,8.953520459534253,introvert
6.200045661185626,3.1633179607712174,7.321762017666705,8.451574797971645,5.3992000988019555,4.394013877587876,7.905013745187899,5.094364337133138,6.057072762405159,3.801815754358511,ambivert
6.225856294473851,2.384942131325503,7.315104447500628,7.413571804449622,6.167324210573897,9.152019427093872,8.336147527610848,5.674587483879515,7.484905808172131,2.4067134745010335,extrovert
4.358507831858898,4.736989355156054,6.052202417704041,7.17405658095071,4.409627510547356,7.371661889732243,3.22203827398085,5.9089629073738505,5.865555961216926,5.890206877330093,omnivert
5.346796758451491,5.105500060078166,8.250059369537063,4.509396536142817,4.420480639381277,5.334638628314601,4.461725042003472,5.771027222534596,9.551947617722918,1.111863060910619,extrovert
7.7725304571255185,2.2001884739534194,3.0,5.645240436813715,6.369874108356154,3.9311730796873925,4.200378953497345,4.977990403192379,8.0,4.869597588833717,ambivert
7.307404726833134,5.841501799454031,7.446928091284253,3.581547983894229,5.027102326528281,4.3841719778330805,7.552860255688053,8.951036351053723,8.22391374993401,4.715079612986957,omnivert
6.790763055697414,5.411300868850642,5.928807678055174,6.457872989426357,8.378586967670937,2.5628518849291066,5.258220225041475,7.245193254837823,6.392047794971218,7.78440388672569,ambivert
7.513377274183484,3.004280958374914,3.4968406132088123,3.2044915678725157,4.317443981260588,2.6636019756989864,8.033522713080286,9.945201107197349,8.654144091531569,7.536375949804335,omnivert
6.95044877559126,2.9165000045166813,8.385187954004648,1.8958871337229666,5.163481731024917,4.25843491078533,7.669406747815523,8.89673048198486,4.329728527641704,2.592443184117012,omnivert
7.432472074021696,2.653427083681035,4.641883674836952,3.960656354476984,7.213474842940917,1.9374675647501416,1.513024272156208,8.15342450130503,7.07437190285259,6.224051075526672,omnivert
7.334559774862553,3.1144775712349304,7.215604678732074,7.147385336952591,4.983649723937131,7.4955940312695635,5.367944624154329,7.81748867706843,8.859401029476661,2.903080658945182,omnivert
7.7304827069493,5.71446068251505,6.802479796436359,10.0,2.2643987723693257,7.808161260195954,6.687671230086168,7.7881174984919,7.977639241101805,5.56304318396983,omnivert
7.760702826781613,3.657390379449505,7.311559995273705,8.935053475191875,6.9006197588179825,6.437548512150047,6.689466660052593,6.470454951890284,8.428400748141932,2.5870341022125927,extrovert
5.935982893259851,4.884173797741593,2.216836015346834,4.256814036780212,3.570924410179617,1.5050476898118277,6.026711589481179,6.68716765385416,1.2697613610228242,7.889651860874881,introvert
6.54129730291375,3.4667514422243686,3.0,6.069718003807182,5.10614855484953,3.9851783216854804,5.786477882579276,4.980615048425425,4.191828171237704,4.512734968585535,ambivert
5.2354125385225,2.899059273949794,7.012175072613039,5.542062665719526,6.116019804434682,0.7581477682767517,6.490194080076433,6.12805047205118,5.530664930091367,3.6509587223464273,omnivert
6.959664922355544,3.1663095482462817,4.729242812245278,4.974537482304217,7.8403974183932075,1.8127026235844919,5.241219448527424,7.624060661405798,1.8914570129651507,9.256294153385767,introvert
9.38447333403933,8.341018016041158,2.0719922389841545,3.4616245061011552,5.154396525207071,1.7066614608569908,7.756276146471596,4.457201470145174,1.0,8.017410799115185,introvert
7.5784800728024635,7.0645263846332895,4.097606874386083,6.356480636267998,5.495192318162292,2.3364034298168503,7.34560149711138,8.414316240099769,4.306119966882605,10.0,introvert
6.7318446576089785,4.659876842974327,8.153725297892947,7.3675769274731175,1.336141184232556,8.58421990513575,6.3042436654199,6.456174425688779,6.774193271209404,2.1744744243634444,extrovert
8.173054242225179,3.7812645792395716,4.372183711618739,5.783871644321258,7.28304243681166,3.4692964195998415,8.319930214462332,3.7958468488366086,4.018630007252047,4.890209612345259,ambivert
8.864992504857728,3.618023854177927,2.5614374822573023,4.916037692947014,5.95799278491868,1.3589440076379256,5.899534333846222,9.61423709807535,1.3570942217357929,8.646121948659744,introvert
6.231241323836845,5.061105489779046,7.664950015194682,6.400466384807489,3.2140457182938014,3.4206905491350534,6.347275372805492,6.173508029763712,4.892987322708717,3.488407871554293,ambivert
6.280213572016181,1.7037712120076831,4.304526631255204,6.468168251086325,1.9618993925212025,2.018022670841363,2.7273742090588944,4.102066714902051,5.179895070522977,7.314569846796347,omnivert
5.981885638971022,1.5309873449851614,2.779344091528196,1.8103403211981348,7.622741929746267,1.6576050226403782,8.226283079953669,6.330571944601271,3.1394688697941144,6.0,introvert
8.415670250032852,1.8229415162461504,2.5563218824724436,2.200949160165104,6.300962773012658,2.217513937550925,7.641696200727115,8.017935954164898,4.006366872415313,7.364958788226184,introvert
7.397516117684277,4.1745927369868925,8.199742649855667,8.419160857593855,6.76556373221257,4.61343549761698,6.5958561116832914,4.230169109144272,7.23983523482742,3.327214412859285,extrovert
8.117536142939437,3.441519838131779,8.809783390599925,7.290615557767239,7.787508086413858,5.18294085394606,8.128038334775344,4.627029037163622,10.0,1.1237457684786045,extrovert
8.594719983442491,2.291950262515293,2.7103441347207085,4.340494496203028,6.402450638637016,1.4845351588505835,7.45128799019762,5.212123605614494,4.0522421728870714,7.21115293520633,introvert
7.548025612876479,7.040540080573022,5.035670569143396,8.04944131797072,5.689242089338716,3.022374591275292,6.925630110570586,3.978992803654891,3.431530370849571,6.420929279555105,omnivert
5.674164648324976,5.030302560116216,2.1590138824854432,2.8539475215434003,1.9122150042642194,2.6389800146810494,6.7521168533848055,4.263169737637798,2.1458253382618344,7.7463389242184375,introvert
8.744240892588781,3.900014141986086,8.850804509106215,7.305268950399861,7.598018451673779,2.0,7.731336673317283,3.183825959201397,8.534152417488025,2.0573651286431405,extrovert
7.901047335281598,5.83892137133147,9.278838407174884,5.245910380677368,6.176714883871919,0.17762250390280254,6.091933857105473,5.899870453194139,4.4376144779515805,1.7870991862531025,omnivert
4.563228915128676,5.374188726501058,6.681896878744079,8.649685869806342,5.9976741575027575,2.1010547088467706,7.58909891593259,9.517678083160492,4.873315826381402,5.056042310181609,ambivert
8.371387377418024,2.4885006840746033,8.229318881623884,9.576409227765778,4.98081729727279,5.057492752828456,7.351501618979596,2.755965782036799,8.029957852240498,2.1537004392328467,extrovert
5.564552051103195,1.8144604969820821,7.362803653997819,7.826149309769584,3.8003112610704166,2.2728772042465177,5.045551231522563,7.97109139097395,9.057691060725125,4.25438498864166,extrovert
7.409382369779973,4.133370604755595,8.537250272020778,7.964731065340541,2.997772847229394,4.700727628770795,6.859059869979687,3.533099874094384,8.418477326898355,1.1104283050276924,extrovert
7.991331804032645,1.6268473477724994,6.398559369601507,7.013805903345421,7.329846960235662,2.6953691074259143,5.837527597120143,5.602805495544459,5.169919738942458,7.208171217883194,ambivert
6.03816689187455,2.8401875193604287,6.593179803911061,5.591180441635522,4.659944545411675,5.681386132721285,7.448405891704251,5.524523093054359,8.732337348418282,3.711101071621853,omnivert
5.290302176543852,1.0,6.926471237336595,8.215561240834683,5.093909227914015,8.481452273699905,3.519817180306092,4.562825620758729,8.30897223739983,1.0642736276574356,extrovert
8.014189565421185,5.39527988926261,1.6651661473635233,3.435316511649697,2.4085404266185337,1.6763927181114058,8.192370030137996,5.3844696973265735,1.7608320124281869,10.0,introvert
7.299170314770075,2.0086716776590583,2.237616067077957,3.566947791668428,6.971243994491493,0.360275600872047,4.721033804198836,5.614634618569603,5.406508662462894,6.98232128236339,introvert
6.447233474848255,4.984775286106069,6.795031079897519,8.598960115823369,5.536836758379104,4.407511103495034,4.829364150882743,7.199517954342161,8.673341664370408,5.0,extrovert
5.425336967882313,4.840007767538946,2.6880324738958294,7.961874375924166,7.16038362372522,1.4780492910428416,7.282549081367319,5.050092546290777,3.05101214434222,7.862237301489124,introvert
6.068950212200219,4.023478073878514,6.222056789792275,1.0,6.404135676519342,1.2235454918034092,6.661459676533449,10.0,3.7737867529156084,3.992242989329382,omnivert
8.951150698434475,3.829974314004395,4.959774514943112,5.387023862637601,8.681164145235702,2.447031347597515,7.102607830649959,3.705990735558994,3.648325036138881,8.471160938781162,introvert
6.1361869499263495,2.935171500095506,6.897617664218962,7.577918828710949,4.796973031917383,2.0,4.264260683411425,3.6956120953480562,8.550887701856018,2.0925173345109203,extrovert
6.38495906722414,2.6968634851579827,1.345253993091772,6.552712475549516,5.868618128156207,1.22126531632627,6.239814942119155,9.176691611525404,4.750655354939472,9.81392312283081,omnivert
6.6386755652928535,4.211189289955808,7.661858469367392,7.444166645235238,3.483827378165192,7.018310320605294,10.0,4.874035815663156,7.03247473424756,2.765231308209097,extrovert
5.639403571832375,3.129489148800214,7.349469867411615,4.2238944830836225,2.7880593102800724,3.2183574246105495,5.487325296312165,6.567531348789785,3.79782102196941,3.0492296680766526,omnivert
6.77720922800342,7.766297096233829,10.0,10.0,5.996441172600672,8.923416960284687,7.716075246242871,5.25407679705791,8.182284903243765,1.0,extrovert
4.776377820522917,5.735032481336552,8.496042353985064,3.1152772789667194,5.5402129337381965,2.51025714644583,7.53943256638546,9.497418278482558,6.630670269023224,1.0,omnivert
6.1876935996328495,6.349861852877792,9.1811868781719,8.997015164789477,5.971229116217132,5.739160736828307,9.289888449118235,4.3563779548267405,8.396745239850953,3.728166465632291,extrovert
6.707103431590959,4.153377009341022,3.806523585060006,2.5262762753587396,6.350889728368345,1.4488879929145562,8.338404304317073,5.296204908321679,2.9251797688078236,7.7347490437555395,introvert
5.725235543528674,6.122992217298316,7.464279662539366,7.769841226730218,5.527858583825893,5.8620431174074135,6.359112705797582,5.551818623847874,6.6334600486393835,2.479243380858644,extrovert
6.076004720563051,4.282551329743182,1.0,4.552070623128842,8.852786054416406,1.4234142705732207,4.753399584799771,5.835345304924853,3.126757718539294,8.163109480662017,introvert
8.298534775591769,3.8855676294649815,7.756021128534894,6.763027560214226,9.13779706440065,2.443307988342011,3.4418488260844793,6.328283136160448,6.915150300538187,3.6517888860828593,omnivert
7.179210293271857,1.0,9.300769979352262,5.944445346462464,6.9309861935389705,4.941556689508727,5.6977177053596435,7.567182420379946,4.855194487952513,1.3264877766190484,omnivert
6.439889425658271,4.959773172218762,6.227171468681282,1.0,5.409491396071327,1.4500020444124155,5.970946237302459,6.330251508927583,3.0170020682205063,6.446768328563487,omnivert
7.568310916762218,3.1554838262115315,8.232907991477969,9.588003429516899,5.451749825779993,2.906336104088307,5.44079690895936,4.48831157963732,9.507513689836923,1.4654083389037393,extrovert
4.64839585134427,5.133331915462502,7.564593727472409,8.145062470786604,9.650801597290878,7.368639822478547,3.994811846558104,5.645289773169496,9.091814133741378,1.0,extrovert
6.944486539280389,4.0678538316230615,1.8429170734672704,5.259133421264268,4.898039375213556,0.17589217631458887,3.406660124417433,9.77746869235564,4.864376506499548,8.905033801897874,omnivert
5.515659146946302,4.216532137081418,6.262383319500508,5.1105093997024955,7.992170384995259,7.006683242209065,6.423601386668288,3.839626561158078,10.0,1.0,extrovert
9.284963907487608,5.367482131871503,1.637068658260977,2.4063161967112725,4.931230700786982,0.5781028121232746,7.0823002403620485,9.140460345399282,1.0,9.012607411570084,introvert
8.170654152546831,5.071282645786445,8.590941516809778,5.919876655239516,10.041385715608792,3.7303945719461984,3.43314037740586,4.765762636326745,7.883638591960523,3.010883824600745,extrovert
6.417563742605076,3.7697483353346204,8.837867976336307,7.33316090797695,4.2503628446086426,4.522301156427452,2.1830952403077974,4.04407086394994,9.165924252054461,4.6962658581286565,extrovert
7.296026524403268,1.0978424752370501,5.611006017914298,5.290473499093569,6.827682722510932,4.491361298471931,8.234119866994082,6.267695855409671,6.058250143549163,5.687450786187528,ambivert
9.161716119119784,3.68032720943427,7.0187792900483235,3.327884804203924,11.148661182006093,2.95790248698151,7.4066296392609825,6.136283284716239,2.0815142965216733,3.9146591614072195,omnivert
7.42934483241794,2.7404940856133457,9.80407796212058,7.850678867686121,5.841730876255884,3.21662177173299,4.572224067763507,6.627673200895271,8.918398220888683,2.9917317592646278,extrovert
7.6510720523031575,1.415448127877009,9.263783423999485,9.259093528889046,3.0779676004750867,5.126057394029108,8.711895589223044,4.554888831938461,10.0,1.0,extrovert
6.6135261805531895,6.228069361552231,7.159855022072993,8.911156781982324,4.406282117519216,6.672728037510186,3.9923902032655114,2.6615560181444895,9.392597338299309,3.719807780121966,extrovert
7.517957955565117,4.857971873441003,4.095816726847332,2.781899153138336,6.220737431809722,3.379566320247033,9.3878843744559,10.0,7.3841890866651125,7.272368309564676,omnivert
6.290458253437727,2.468896144686494,3.1528997923079687,3.4417598268557263,2.007066548841933,0.6643100624814915,3.8409425144748983,4.515558679909573,6.540865297731248,6.899671162631355,omnivert
7.004434806217417,4.475236146400606,2.107579218868275,4.227745256796499,5.878959642442162,0.5092051160280527,8.778260157380467,3.819730010803407,3.3743222843971155,7.9305107001477095,introvert
7.1205435405425375,3.056172490752963,5.219197946337285,5.388409474097072,6.058631683545009,1.7858625891325992,5.526980112697391,5.885205553183686,6.377607016576122,5.265979510865117,ambivert
6.124439625597811,3.0733749409006177,3.697613767489825,7.059556045875899,6.864156391480454,1.7188298840009095,6.468771946802936,2.5015855685081054,5.826442150184276,6.095452436987563,ambivert
6.925595188760762,1.0,5.0,3.8055907319621127,5.202061380465406,2.280858313930511,6.858604498845616,8.406211454975551,2.9455040879364875,7.690855417386807,introvert
4.6013333117665,3.5019908109055384,8.94552841610271,7.162556173609934,11.35454018494666,7.82804773546152,3.9439546261421357,10.0,6.626816744547731,1.8250017925775772,omnivert
7.1389983388114775,3.604547156410391,4.053330594403801,6.069362737527299,7.226121562505428,2.4060117613103214,3.726205348693978,4.486305316493572,7.566321284419862,6.391615530935878,ambivert
7.615920919736027,6.6556411905091934,10.0,5.658588277294511,3.249021905403247,4.186211442057209,6.137242748884399,5.876996317581099,10.0,2.148388299525517,extrovert
7.949238336451656,1.0,6.3681726308240965,8.39213151249793,5.008513871828112,6.114813395618201,7.830739487839196,3.1430381697862178,8.063280263959404,1.0,extrovert
6.089235161315987,5.887955455375652,3.930230192671103,3.399849911145485,1.0,6.0860744670956,5.542232957411318,10.0,4.0225591166030785,8.053693344573349,omnivert
7.7507571203752015,4.165154472007071,5.0,4.272428349634156,6.531256176887913,0.8702234039804237,8.100669298026268,8.4431067806648,2.9418856575156855,7.213174736646268,introvert
6.7767907668494844,6.770231275459748,5.091009339662625,5.9366112658594545,3.8972174594748217,3.567298768170835,8.85957302610975,5.805882478869725,3.903301691350568,7.428614653199596,ambivert
7.2895863219001376,2.451306980596897,1.4478714625457862,3.036950959082625,3.7378633266774157,0.06105389049286147,6.8126882281729735,7.593808568772305,4.096438464564324,6.0,introvert
7.612950506233114,1.965875189727356,2.749363008823976,2.785471031889407,4.581819379562017,1.5699868992534833,6.33668664550376,4.964200443351919,4.426959366449225,6.398467271707721,introvert
6.4940696976266565,1.5979826539247508,3.3761303056946823,5.465404489019092,6.610179398883174,1.8821739256592822,6.25663971759003,6.664763212459723,3.7975142983583203,4.242058782005183,ambivert
6.026135747828483,5.40738371668742,3.0,8.527835267219608,7.214260663505437,3.4775098160583995,6.613245290150893,5.90666639574002,3.390825728410392,7.7489148760252995,ambivert
6.160702551852055,4.416893453502565,1.6513875387471022,8.307598244078664,1.0,1.5148870063349023,3.838390351602439,8.000445598526639,5.941886157244328,9.371125435650626,omnivert
7.250058775023545,1.0,3.0,4.967794406772615,4.097642696152714,1.0,5.72053697479096,3.8729159596592533,5.309910487655869,3.0,ambivert
6.392840561214574,2.8684222508657733,2.0734450483576907,8.819038629013264,1.328415122189992,3.996947295990096,3.6573621718222005,6.283384856504923,5.604506467747379,9.630435879466567,omnivert
5.989080843848408,3.260155114294289,9.046895824955433,3.6822511495600883,5.697867574057767,7.607530814926674,1.0582426539581282,5.060798934541637,4.978891143877023,3.168584768679199,omnivert
7.464170224827043,7.145253756248005,1.0,5.993372271003045,7.866987333779855,1.3532619169552715,4.5631143925205695,3.4002877674748233,3.778306770660183,7.94124196296986,introvert
4.93009860098436,4.358307452032246,9.125940567171197,9.223148550558156,7.512585618428881,5.62894882962024,5.3363857070655465,7.537654871059267,7.955885997885807,2.7400273387791816,extrovert
5.560329681891744,2.8092254034724746,2.884660425549402,3.182374770186666,9.276873879228514,2.3052170862192245,1.7181089500464377,8.368873986461628,8.457492274117522,7.498261365240161,omnivert
7.664283437281352,3.6892675582764975,4.963911135904414,6.482786640145085,5.023532649888765,1.0162686077858538,3.677365642192605,10.0,2.4971719735452864,6.631316635929788,omnivert
6.113563002004525,2.107803946391495,4.549070317155978,1.8114714972649426,3.415456823905503,7.7022784638458575,9.132951638969839,9.50917135871757,2.210141580021354,6.965075509250068,omnivert
7.326905675984332,5.311333558326165,4.757034555068163,7.934762799983071,5.558861183355105,2.9055129897298,6.459419355724808,6.686614399716511,7.733751283243814,7.105670366921854,omnivert
8.371028273053756,7.12911494928894,5.096296672613136,9.0,4.617282416970296,4.699050179117531,5.747159945268114,5.744943779088552,7.1697896868654665,7.329239533849943,ambivert
8.038906233004145,3.123174309223547,6.772648921761913,10.0,9.04160127127102,3.8462392919202797,3.5170765415160496,6.779954978847336,7.839678860526553,3.4295671689492044,extrovert
7.479181122062957,5.962330247836804,4.158780615334822,4.277519276053812,3.4277128560496064,5.848823864028497,4.594645867971422,8.032821987572458,5.677523372736486,6.244616029756823,omnivert
6.764240099886283,1.0,5.0,6.454917055974096,6.608115542231815,1.9459478967637338,5.842439740858075,5.411951121222709,2.370847871012174,8.892382130648208,introvert
7.662759925215428,3.884461281204704,2.382501704268515,6.413086106998522,7.450624916955958,0.0,2.5309784921112586,6.471218155736922,4.4329038558108085,8.370856931639185,introvert
7.9769821145419195,1.7152051062159415,5.0,3.903663351762418,6.450335492990764,0.32110365985775013,7.34629939408739,4.918025346180148,6.0,7.42322247021411,introvert
7.201084126961188,3.813543663869595,7.74383819628191,7.969337752563271,5.986269310276978,6.878835922680974,6.866374106563372,6.392350091597344,4.834375699888907,3.850687930686051,omnivert
5.910371109374547,4.204331221452247,7.478604527081221,5.5579777864186415,6.559608355830566,3.080610514317785,3.225874526737582,3.319208614316421,9.240824345420126,1.9603470313163713,extrovert
4.644849169992906,5.5644782664944135,2.6746254373218887,4.027369903208837,8.16114980807808,1.6122354572995738,5.357266958108454,9.496634548475027,2.943160377424754,9.83449742064909,introvert
7.394501331591622,3.615795126918675,7.122883952069698,8.946130752432536,5.3888306581790895,3.556771922978697,8.180891256940598,6.25104708691781,9.87284847467653,2.8952308229965893,extrovert
6.00033273159909,3.8319036539800932,2.884942871119221,5.231340445630078,3.535392839245371,2.542939738698053,8.247866075595,7.4578543383810025,2.2057995547394875,8.297990171019059,introvert
8.235328667112448,3.6006011116739165,4.3244438282432665,10.0,8.922057618381576,4.678054466698438,4.286842056010333,6.277992628259811,2.0797276766198696,7.765343185960901,omnivert
5.963851315373928,2.1820824351829122,7.372702059134138,7.296857958745903,4.077386640002246,1.3405248968729546,8.537143769609553,4.945591185530009,5.507115039291382,5.550391949990274,ambivert
6.266958666151438,5.47429888915726,5.959196783507493,7.410700511582144,7.229698446597828,4.9206750088439515,7.714452203288371,4.515714633657931,6.283245805582626,6.138311941413671,ambivert
7.770051094229592,4.572877967608369,3.403773080754335,6.335288586714583,7.6989381620681145,1.0,5.636022469930675,6.037386382169314,5.056468423813697,7.145831994507738,ambivert
9.15728060869283,1.9724301600110397,6.164936389911138,4.919786099759539,4.987683113557107,3.21085073112548,8.271507426452814,4.990438039895501,4.461197673467495,3.7478695718382276,ambivert
7.669767417422207,4.601517551040815,3.100288563323884,5.734919873516558,7.616236650174301,0.7858459417046282,5.391101671535808,5.91315968158768,1.5322506812000904,9.948661991373383,introvert
7.450837622014807,2.879140864322931,8.23586573181389,6.759365125258031,5.188645529215841,4.895060627023743,4.496432536101524,6.2000317779477525,8.237109170791733,1.3622569979498957,extrovert
6.665339927019092,7.272511460604084,1.0,3.5785152838555585,7.3275432427711715,0.37443580632445195,3.8132285825656798,6.347548158930327,2.286306833992648,8.623230494765465,introvert
8.777996082955118,4.978262881606168,1.3905230627462801,4.752089708950231,9.322838174279447,2.514702524643627,5.253593823496479,7.077780103735446,3.5763031080088448,8.186389999039282,introvert
7.313266326615867,2.5109843016058186,9.252993052482886,7.523368571372202,6.442936714271991,8.502667303910973,6.767533058871534,5.602275564162142,7.1368259954071895,4.730869233003891,extrovert
7.764749746016787,3.6551971147571596,4.528274048157866,8.656531725597091,3.2934985890593205,2.522152891536932,6.857183933788107,8.724468873917653,7.8057067163227,6.984699018891266,ambivert
6.256273446095347,2.6671178086021143,1.2795118843164004,6.507361433759008,6.142582941514776,4.702363240530977,5.849970616059475,6.938409054415299,3.9993861977850393,10.0,omnivert
6.673107980075575,5.395207218860355,7.006160467453564,2.8594398983299176,10.906055128810166,4.462481005883475,5.1947895630984195,9.897719385922736,8.555959281606043,4.665582014738309,omnivert
7.1843189623049994,6.041200901466549,3.929275258330064,8.144891685498134,6.836426508872275,3.688772040998013,6.70247905894681,5.900666565865302,4.835998809035145,4.764552384609128,ambivert
5.643261598074968,1.4851872667966157,4.454999637881134,1.3866179863822001,5.962891845051145,0.0,9.19977047071159,4.808723607427118,1.0,7.674422026318043,introvert
7.986283005250269,3.421505485024612,6.1811070620033215,5.785492630904274,6.254600986089704,6.098585160812984,7.81779639519184,4.9457137660045145,8.424048976357478,2.2384686131457463,extrovert
8.36267876821672,6.460373681400144,8.769011433520411,7.416346383513441,6.4451949648260864,6.664195406937232,7.403608688057332,7.201126306999061,8.316803381279612,2.148069145063879,extrovert
6.597061909655043,3.7624402443427796,4.317967571836516,5.523976248905209,4.650128420524952,4.81133886048318,4.10970349279803,4.016831907412621,5.467897753136203,5.754142125863423,ambivert
5.6924403551891345,4.517192027925416,4.956234634863469,6.2891027481246216,3.4229123583120553,1.1524678549820047,7.190837915527379,5.6300511174145065,1.4444008896450058,6.319915132180389,introvert
7.83916047966148,5.368194455466442,6.989316202283032,3.46986335182567,3.74007129595518,1.9368855534420741,7.11814976977479,6.5408521610764065,5.63788905551084,6.595374630599425,ambivert
7.607047818643501,4.20624511078152,8.0,6.279948984769108,5.799612613882171,2.526261108965488,6.534667239386568,6.722867782415962,3.640882529417363,4.101959779532198,ambivert
6.671208301804835,1.0,2.9033739556314746,2.839264774796322,7.9600011454383,1.0397179377646688,8.535462407511528,5.565416824806731,3.3493021311403472,8.179517549022545,introvert
7.014311176925771,6.113538697106779,6.19204528162014,6.721021896330592,4.359493614343821,4.377079742573638,4.74712753514782,6.156983110431727,5.563019844330213,6.451425899773357,ambivert
5.854651584816697,1.3991848186643328,5.327751362370668,5.563702244713988,7.948778573605808,3.0664935071829196,6.5837055540073655,3.9766962583034537,7.7089453759945865,8.0,ambivert
7.638957169346434,1.4516121764995171,4.710062579529154,6.712066466097998,1.646127423508891,1.5251965674066643,4.652930977756668,7.486193169192997,4.801190586740072,7.30364635866934,ambivert
6.073911022483861,4.704030178478908,5.292927238403575,4.359737875625585,3.293631237533813,6.341627246246011,9.045223697140507,7.863644129164648,6.602110290242254,5.625362069454847,omnivert
6.380284427334914,6.077021321660345,1.0131367569680292,4.771594114156623,5.659195724752073,1.4397181502698784,5.667235563245675,4.769005489390761,5.140958046433825,6.390722344038117,introvert
6.4300656266068525,4.087338930300689,8.479067747126335,7.622744037821348,6.915503870910951,7.327169252466499,4.980651873483792,5.289398424019956,8.9920188479928,1.563481915430164,extrovert
6.130115161810248,6.5566837264510305,5.662597372132315,7.550443804168367,6.185143663062913,2.5690403732435065,7.517488047281379,8.575055604575232,4.966305133105184,6.661984953835113,ambivert
4.65394147561806,5.23827934969257,9.37403740490528,6.655656161135511,5.5956506395693655,0.41636671004905157,7.3893850176223435,8.54673559498748,2.557515903243361,2.4946378664338966,omnivert
5.395857758699584,2.2315213787812964,6.5270790818326265,6.7058983702550385,5.25113843171238,3.7623036778176853,2.0289438653974408,3.7803001478472793,5.242362928960057,6.107298539445415,ambivert
6.368161975484749,2.791278027435018,1.788171066876144,7.555580455098353,8.842695150874953,4.8408129778972055,4.10469085632122,4.503138376278091,6.749831389927125,9.371669510289253,omnivert
5.628885676615284,1.0,3.02558060584958,5.764348155015737,4.9791609336949225,4.369870478732066,7.88506054312852,5.2051584615814495,5.258473636506371,3.829381719367188,ambivert
9.858056238079055,2.005397575134035,6.76434963827991,8.398990723438743,5.616740581635791,3.9586276529713613,4.088239167907124,2.802700368050935,4.382693863742844,4.079829306146273,omnivert
8.875466522209837,6.194147421628594,3.7085600037677917,6.444094592672094,3.4472615846682158,2.2852667086623857,8.500542135775095,1.976189527662768,1.133186249872916,7.982875576460734,introvert
6.237508143725516,3.891932424960584,6.485209870299598,8.678810369134847,2.963726390049375,7.808626659780151,5.972268452610313,8.921409278681425,6.506394256708712,4.433766292961602,omnivert
8.0178090552,5.341009563179107,4.115470907443298,8.227784875018337,2.566429618768646,2.18417774052063,9.736226168601835,5.067714199457393,5.1104021188376265,6.764225781749786,introvert
7.902319639224129,2.9210932382007604,8.05572385778738,8.345863680078539,2.4937140937637876,4.946373400222159,5.631913795847019,3.436743346305038,8.76587822965205,4.679890994981552,extrovert
6.362542846470882,4.452652496092922,1.3625287392772165,4.952550013352603,5.345113078548013,0.8894055571827688,7.975811347699132,9.614367730721153,2.4121848519197004,7.986959435558034,introvert
6.640194164470143,1.0,1.5112774156336006,4.273051169651216,8.756937109544644,2.116824115313652,9.5766514109851,4.700668975475592,1.478280409938879,8.523206930267095,introvert
6.415356494566088,3.628099696547116,2.4570093055522446,3.160818726762174,3.085956704285569,1.0103904239898978,7.051917246912521,6.229311520871113,2.9060276668172675,9.773686278027732,introvert
7.0698504621352,7.5365052392495,7.995676953091318,7.551125202388839,2.803629155788574,5.676813772583695,6.440449154014233,6.643789894050534,7.669555593443435,1.0,extrovert
4.479968190818051,1.0,2.1373832956208543,4.316914301818084,3.5242533181985016,0.0,4.876465632609605,4.338452630381036,3.4424571835632323,9.91798616916924,introvert
5.618783099656591,3.2555100398410404,4.554448340821471,6.455261897902139,4.075558472701898,0.0,5.858763088912966,7.367130260079654,2.0240102589474245,7.795537081534165,introvert
9.263423081452636,4.175816977387897,9.280009627506985,9.963022740204554,2.1150707405703613,5.614026249794169,8.926292264472377,5.010627442149173,9.219757942148181,3.8037340965839097,extrovert
6.975712334442824,7.5515887625474285,6.171896010069085,7.794156953261875,8.223214472633503,3.1583640023346904,7.160060810280251,8.781692913273588,6.9989269603517625,7.8341566562906255,ambivert
7.6073891865528545,7.527707058540415,5.046390154069636,7.277981133553939,5.394989862922696,5.45168490013737,5.439051557387904,8.100294479588936,6.6125995575431995,4.975831634971513,omnivert
8.162373988639468,3.712110646065831,8.268545541966677,8.551759113466348,5.758442363950455,6.573305505054572,4.765142350748938,3.038817667765764,8.233347670765585,1.464188421525611,extrovert
6.074638039319646,1.0,6.242125168802801,4.295038674799143,10.86101774326649,2.8264935396167346,5.150151648276051,5.408524791632431,4.941235752199293,5.733481295649598,ambivert
7.70682900391086,4.3741846781998435,8.0,5.58235577321479,3.605593977680991,3.261565344046391,6.191619727265359,4.338023850404433,6.072576776260053,3.1162430732330044,ambivert
7.586335715699749,5.735521792090165,4.553768509138838,3.3967235844604104,6.198451125088933,3.925000753348277,6.838835729785389,2.7171013459944184,5.859334355865072,3.7852070149749415,ambivert
6.649967500248068,3.112598317614101,6.217327552355634,6.857827258551131,6.008841686602426,5.840832444750975,8.377978001025499,2.0275294134484,9.04711911517521,1.1136502835975435,extrovert
7.501826757314691,3.1138261690377367,5.96877981966583,7.579153409417378,5.002304562017941,3.3632122721075683,6.795151537412245,5.017487248347342,5.97707732226844,3.7868278946220797,ambivert
7.072276251929232,7.875728423520801,9.447810759810029,4.0,7.146341167923829,4.770094540914229,3.1271074344814753,6.5322435181493255,8.186941969476846,4.109467071649018,extrovert
5.913052745677856,4.934325170869998,5.110357517068486,6.02042342157124,3.6787149598240108,3.189877043583943,8.145164844751791,5.47896216754496,7.268546128887921,5.409881210654967,ambivert
5.20015883288498,5.242460672421046,6.716995478382127,4.09498984831367,5.577404589515126,1.4480366169482795,6.4182296687999125,6.959578253240614,5.224254129519817,4.337278533323376,ambivert
7.692631980625274,2.7190092305626496,4.899578093195598,7.454761297259863,9.695390378010654,2.1146937038005413,6.2654270528637195,7.665989282426794,7.54804846696174,7.687649055140167,ambivert
6.984034437545637,4.7755523542270675,1.3392765138040357,8.307632993816158,2.56865228531581,2.567483506555523,6.763196288492255,7.158248227517125,7.832920135201304,10.0,omnivert
8.1418688532766,2.5393332334278913,4.883377573482274,7.643174226763424,6.2060123610929905,1.0890204332661537,5.982909168347946,3.447393070930211,6.373005031642924,5.696115018868196,ambivert
8.34225993310639,6.481241239816855,8.291260816709151,10.0,1.0,0.23336534859259572,5.253929158449109,8.61516475526339,8.719416827494637,3.496860987984311,omnivert
7.136921790671824,5.187156645260449,7.912804405767999,6.26674593414859,4.237125945033633,6.535023887150262,3.735581358264383,6.534663690268831,5.809260811593675,2.707401352140045,omnivert
6.230624038656561,4.159491503304547,5.99383880036547,5.575535584528875,3.8836226835037237,3.6619116168486188,8.113577174144345,5.931155084045737,7.009724994985427,7.3325622092799305,ambivert
7.904432679464813,4.826524301202754,6.006418888832778,6.296134571538873,5.191919939946056,1.2445392747126816,5.441088590969622,4.154100810123511,5.649091134342145,6.441088111125527,ambivert
5.874609952101853,5.363513878085149,6.0,8.061084854771359,3.9433905491953745,5.256504983233433,5.812170286484472,2.7103197899864737,7.501939372685587,2.8830756335114756,extrovert
6.142778298368358,4.208214341727146,9.046948793936174,8.314947043554582,8.043110189988317,6.677156808841219,6.736049218238299,6.176269959248016,10.0,2.1175663096694533,extrovert
6.913587854103599,5.12341567069388,7.235135447232179,7.725628357715364,5.643132474438785,4.161854522680167,9.879140914419255,6.605124706027021,8.998221748496785,1.0,extrovert
5.768958272836628,3.5004754860515797,3.02124144388511,10.0,7.447452461704735,2.441716241030873,7.60386967980137,6.739286668256943,3.1575929785923016,9.007368867418268,omnivert
6.937114659307037,3.552648487465991,2.0245243862778883,6.91317128360156,8.299189290291586,1.2578231723074311,7.33390437171909,4.351609951649615,2.886192823972465,8.980204413717177,introvert
6.577694418620189,5.0983891052606,1.862254538368942,5.270421696346644,3.3493752139015243,1.7999201915389684,9.154550608638358,5.253546679528304,3.361860372610094,6.8076925812871565,introvert
7.300591420415052,1.2385944926758796,6.774520619443145,7.835871201096992,2.6849766105643575,5.223088032032452,7.900743923745146,6.173166554087617,7.601215951676872,1.0,extrovert
7.373789030557348,6.606033553224159,7.734149255628101,4.4198904643880645,7.663028172599482,5.669413759724056,4.410966905066751,9.010904659649341,2.0003697885260774,3.1774508275778253,omnivert
5.172742588251394,2.6518484249139185,6.67161847182291,4.300247256191909,5.397630308719144,2.8013575324227884,6.61175677367188,6.737733951821803,7.332135390087928,6.633272890792754,ambivert
5.861982394930959,4.1765215711701,3.033037992748806,6.343822176445576,7.052055827686951,0.9204485382264351,3.122397207645989,7.4381987552907,3.8669677854593356,7.938172485770425,introvert
6.021027658041474,5.291576060432732,8.54810386298454,10.0,4.88090712137202,4.754333695816466,8.051780712550272,6.035935587945394,8.819651825918978,1.0,extrovert
6.624797865121171,2.2490238698319986,6.855458709268931,6.428510086057576,4.201270360772238,5.312592969598673,5.771318110869794,9.120293360571353,6.285110612602604,4.684565487720312,omnivert
7.64123787836366,4.149377353862518,1.8651326655893634,4.059345177429319,5.359559276964767,1.6090923407230182,7.409198474675916,9.885376795739186,8.327871876124997,9.53292950926364,omnivert
8.634477948312973,6.409800346757912,8.0,7.5811905124644285,5.578921160928209,2.971733519735095,6.1558797182293,3.6611458384365485,4.928057558793136,4.628837299471572,ambivert
7.081033845625509,7.839460074381281,9.506907350688225,7.429619131681224,6.65414425436108,5.073114258139584,1.085377918252886,8.350019401304396,6.0,1.0543616106840836,extrovert
7.570706123114299,4.348083013463486,1.659210436966511,6.160676432654511,5.281953160073073,3.6149523572182227,8.326369931312396,7.962594041615482,6.219652725867316,7.9355076757786,omnivert
8.887623670257828,4.874865320951747,1.5453315184709413,3.7536437424221893,5.592005494506548,0.5750748974951085,5.391298505805436,6.142052201041573,2.400182641997443,6.0,introvert
6.597834662594257,5.08381297670647,1.7472238648584364,4.655157193962159,6.3826143033984915,0.07554955691497067,7.479389658224163,8.586078206103505,2.9636507491954616,9.505206032908808,introvert
8.07389266723219,4.753767928229494,1.4809114215191546,3.6927869973095877,3.542823220022691,4.909663756349978,3.850366359420422,7.383713681515094,5.580272780298322,8.46237913011762,omnivert
5.20460942420242,7.005861006528351,3.88482550125846,1.0,2.248911932875878,2.533474848135408,5.652092326106567,6.096677801022842,4.365789854683351,7.328735698430785,omnivert
7.349157676164932,3.9617593973027643,2.7268586596405138,4.638533660663416,6.289159970968439,4.238671111696562,2.6330383666199237,5.500418568748177,6.410242042797067,10.0,omnivert
7.9637856911368266,5.368911015251457,9.869717199296963,4.800188644194982,2.459426415518781,0.22669960306707715,5.7725730296800615,5.270763701250301,6.7329925202102,1.0,omnivert
5.8876834341063,2.8072772338974756,8.782787454096104,9.128843348747367,6.61958089586208,7.088529359243655,7.259893775475334,7.0655516339040885,8.130722860753798,3.1859206069228616,extrovert
8.082732608543976,1.2690873459909775,1.8398616604761533,5.008030976882535,6.12636894772996,0.9898723837470658,6.876954439826457,4.122818052806738,2.2756352408092235,10.0,introvert
7.207817111021418,3.807345352081796,8.942960190381,6.627478629077034,4.772775575572288,5.159630754950143,10.0,5.37651088460426,10.0,5.0,extrovert
6.61510433363853,4.861354565469826,6.619574621475347,6.3748313372457455,7.798818587332494,2.141684976821785,4.2160453333950905,6.131058988871743,6.1764592161275615,5.542203268301883,ambivert
6.48561456770016,5.360198509739766,1.5074366846790843,5.580635572652392,3.405684862619471,3.5260395475305426,2.0298331451913585,7.680663982009683,5.873993905509476,10.0,omnivert
9.955890534982343,2.618774386801511,7.0196771948153165,10.0,5.646635934376808,3.8215806653219873,8.737209697044234,3.8843146522326384,8.499291405423355,5.0,extrovert
7.074797619542948,2.1346433547272134,5.501781419705067,4.592375340778551,6.097595560643524,7.789940656307948,3.9508999659918933,10.0,8.8439896897785,4.754359191172017,omnivert
5.3969651149976645,5.127769054006496,7.524214719619955,1.0,6.7528693449078885,6.420485985213023,3.2299871801040085,8.416470148368749,8.013912518258632,3.7461934145880935,omnivert
6.958345876353708,7.9416452797918105,8.03449378752178,9.03385564801446,4.828430601419743,9.612414259880644,6.492558798079076,2.90082529305225,9.38233306232341,2.9557278934073135,extrovert
8.310528140778912,1.2658543945360337,2.7281462587115395,2.4698583706835953,5.714415924080267,1.558350421151414,6.033729285562732,3.711007062577062,6.028846554817723,7.395459997813702,omnivert
9.171167619679732,10.0,1.0,3.959941096864526,7.183967390904254,1.1265241885320358,5.083235218390746,4.38307981156059,2.653048585605451,8.652068993446171,introvert
7.734011546609041,4.037806914938966,7.743213386929389,4.0,7.041730387773933,3.5538621182368892,7.798552363196319,5.650667799040442,6.856811188845833,4.806897877618829,extrovert
5.457394572366518,2.8537688172107973,6.182599230302136,4.83272778243675,4.465026903348608,4.3069188034169335,7.411090299202627,6.639684278814248,5.5142862369004115,5.098358295931612,ambivert
6.495225612681569,4.723081099778095,7.568849491055529,6.229557977522508,4.4775686471376295,6.61246001880132,4.058711024111783,2.6907019450398724,8.519147777415752,3.2080034063789116,extrovert
4.91843159736217,5.2980151375765345,3.21930612629367,7.835586063757082,4.062625911702233,3.400989146247786,6.468605187703668,5.015195048800106,5.419621937021709,4.908784600970656,ambivert
6.591385546346587,3.0791466306286632,5.536381830830487,3.8477752329800174,5.150824551544484,3.9730364793126283,7.05655366471681,3.5283870703364286,6.2587153984654895,5.123444305214166,ambivert
5.486939254797946,3.5698935156404623,6.52908120439719,7.901088471107855,6.743619924434393,5.457265411303128,4.798951902456554,4.476930597603858,8.021162543991595,3.8455992953306986,extrovert
6.621676906431586,5.037802533500379,9.679226523903203,8.308133988669553,8.830948888925153,4.755586447857894,4.43972744940156,4.830846945047348,8.179332374442808,2.0504850279898195,extrovert
7.856800592910511,2.308216384610761,7.182738011030143,10.0,8.892912736580076,9.512185776318246,7.198526665671965,2.2739379883127486,7.822435347664345,2.0372758173162704,extrovert
6.017673968007905,6.151956498556077,1.66758576034881,9.449574296809049,2.690366112144986,3.489715336960363,6.066858959750341,8.24250638573952,4.2050579263284185,8.062182400623643,omnivert
6.749597954535441,6.390502400176541,5.620910474132381,4.384169803082038,6.52024872250015,3.0180158857255632,5.078119422208003,8.133892251047982,3.581169890535031,8.65548887098062,omnivert
7.355344332477491,4.580893408608561,7.412672668978134,7.240392263574195,3.9190510891093764,2.6563786665163125,7.86849870168273,2.8963861119641146,10.0,3.52307809856893,extrovert
6.417632997558558,1.021202614789067,3.113799490434234,2.2888018019368417,7.37583107502131,0.10651330937533876,5.4767061171996385,5.32311487208145,4.195052890606113,10.0,introvert
5.186735159304561,4.293914895544239,7.134008963975037,8.419553606195805,3.541361589430898,5.223236513823458,5.279809242333964,5.039639126857638,6.005514701348486,6.418600241197021,ambivert
8.001794201430943,9.375392876037571,6.716292574049837,5.5365093474442695,3.7628071387285837,3.1132883440849923,5.059252075137938,7.486287885768039,3.340609588254674,4.37064190685809,ambivert
6.859880901045704,4.578867780410629,2.8443470251620506,4.196213659402755,5.892262918047814,1.020544823297516,8.605296396229534,6.573987736414783,1.0,8.241983486155105,introvert
5.597586354856562,2.5450630863607273,9.534142235128758,10.0,8.838043050578786,3.2935832685566337,4.334098713447401,7.501195412100363,8.04790966716692,3.582343757689215,extrovert
6.406833278456374,4.53502169049553,4.992615033629384,6.242759209563902,6.213940194790535,5.562824891296047,6.587223162868872,4.774315383531504,3.0,6.7974232570174555,ambivert
7.371873735256761,1.877605214146873,8.75002168055283,1.0,2.03947453903131,5.487010200691717,5.505475732421855,10.0,6.2643677397532835,3.2693215866958547,omnivert
7.412341947482154,3.6081738341910032,7.958378135135862,7.617952785474136,6.153854747528325,2.5421768624517425,5.978238261066295,2.676104213209695,8.276797745365196,1.0,extrovert
5.7293108955320795,2.4766312405616757,3.297912594762089,4.98251781206475,3.3582951626311224,0.9437617563706864,7.7885044919743835,6.707766965797779,4.007916911721747,10.0,introvert
6.92856957272584,5.027077603467687,6.108329411618901,8.21204734931993,7.661561451109243,2.991421153661501,5.927649954726967,5.190468933111958,8.643388467342252,4.68373348322015,extrovert
6.273812517272803,3.3633656327793893,9.117244970540945,8.71109263194346,5.2860570602830395,3.1599221643922597,5.935583967048286,6.42883656547966,7.489310254624558,2.7286062139280585,omnivert
5.1294556059713905,3.7686166721464778,5.880699780589712,2.900927303952703,6.233492815784514,4.2737632794499785,5.693618685422403,8.488867072087206,7.036908892858044,5.20908518382942,omnivert
7.837483927046833,2.9076426798570845,2.411232563686746,4.819109663786491,3.4576750848793996,2.535255620661065,7.159845709144285,3.5134020905740617,5.498027876435296,8.704870039767215,introvert
6.620397346311923,2.463380665081713,5.77315904808599,7.060526254436408,8.050746814526416,4.381051923272871,8.122347181219919,5.685131963176213,3.711937683757102,7.0205006288002565,ambivert
7.388900763273754,5.485749428178454,9.860600591376892,8.874491512053723,7.158811162366979,5.469380301654009,7.384475789331761,5.232949294127496,6.8990960215234844,3.717094831737388,extrovert
6.464415381718786,2.765110437336676,9.517407880225338,1.6630316772621514,4.502732208423097,5.464556601520993,6.806799382267691,4.665781248556486,2.4672517839552985,1.2016654955668877,omnivert
5.0527019136129825,6.340448099653676,3.0,4.94185200588265,8.788193555704922,4.0179578151658415,4.803422508084393,6.135004417237029,7.054577451895816,7.524736688806887,ambivert
8.520293379023947,4.178798149772606,9.294417000117555,8.304764765355605,5.855402001866508,5.633981434449744,5.835802010862965,5.267812192531514,9.183569323200478,3.3981915843428654,extrovert
8.853330518649118,4.287389017986265,8.0,9.0,9.549737880991694,1.0,5.963616058874774,5.77407417279694,3.0,6.057101628898353,ambivert
4.284223851093827,4.348776241560677,5.472465663709395,5.111828710215453,9.351252254923889,2.2210245782893114,4.7919359826363,7.483128173995691,5.741673938284267,5.4661032504326466,ambivert
4.728685386891938,6.822728373149188,1.0481408982480056,7.8243505620278935,2.357695297764234,2.0722811528267773,5.589926112679054,7.7821845579836,7.099296618910144,10.0,omnivert
7.129297761551281,1.7258743074179086,5.3224875641892675,5.142572412646101,5.849062816688969,3.285905800046817,7.371620719572181,4.529449268921926,6.876914787343167,5.177128212856912,ambivert
8.983298746980255,6.00904171972862,6.561379686228341,7.265956536608392,4.626867897140668,2.6912269605783883,8.547657268336353,6.050019796513038,3.408375152111642,4.329567198365841,ambivert
6.2180795828730195,4.970038078632386,8.5089991356823,7.271295245429184,5.869672247389747,4.5858074868274565,2.401409581085675,5.286881248929223,9.349102110743145,1.814047517369815,extrovert
6.331092336270014,6.086333316920616,3.268651522089728,5.130287314342487,3.624148846927202,1.3514626458338992,7.3804915491521506,4.364014736963183,1.2204953593352184,7.979592710619403,introvert
6.384164362583925,1.908789080957745,1.0,6.287849001620359,9.406518275053136,1.0055510408953068,5.788986228471123,7.4944702278118545,2.9852327870244255,10.0,introvert
6.707939224749978,4.258458285709288,2.2270284880559106,3.9517410945221014,3.5705891484985703,1.3854736737078783,6.732526427332687,6.027672374721468,2.0879907855940147,8.117392609649507,introvert
5.520972022277789,3.649544866989973,3.126700763221334,4.897162966466969,4.497195706228727,0.7224205706231408,4.856283215801417,8.772961404472152,2.2738222581227734,7.851987123144667,introvert
7.4953371123237975,5.234892627997191,8.422466475817156,8.842386565416662,6.38852662297208,6.7965608676877185,3.5857562547119572,3.857552631250691,8.904294754961697,2.029705470741403,extrovert
6.7290684394161575,1.7719321021116716,7.425501654003828,8.019755822596073,3.906209489059046,7.937523703394634,7.872441472243813,3.5285495122595263,7.505650625391488,2.8904207598743294,extrovert
8.43197320711255,6.9583747164169525,7.024468813028823,5.305568249338959,5.260760751262457,5.621906394316695,5.472108280299184,6.605163523396962,5.2749442830443005,4.75790395726334,omnivert
8.340241794724886,1.0,5.688942122317958,5.301445748011388,7.0779402500938415,3.5664137177554576,4.806819411362933,5.839497221956663,3.5435396147103795,6.865377522299291,ambivert
7.567885149488253,3.0750395487939515,9.008772258786468,6.294488148045404,5.922034934405237,9.623007153272795,9.053726558993894,4.852521099391705,9.694109403047372,5.0,extrovert
7.355890654168914,3.100485682927065,1.0,5.112079270255133,7.193541550432988,0.9423774764063533,7.051712786062713,7.0311406528440035,3.9784592274153456,7.398519070651744,introvert
7.433674726610096,4.1364482047487074,7.001173312274926,7.801648570072452,7.575079888515798,6.855851742678539,5.31243618512743,4.804043363759101,7.6891424887896616,4.1865300398057546,extrovert
5.8113564098431745,5.710762908734891,8.299260420452907,6.369053116699986,9.19791218989069,5.002617747632906,5.850504543308326,5.69993645768471,9.244191971499937,1.6756642961371297,extrovert
7.450547029152704,3.661235610208922,6.200893732968182,6.62867396640949,4.369214059429197,3.3027151820712515,6.63563274842936,4.888761039304766,6.321479756916469,5.207103394281582,omnivert
5.896690918919436,1.0,9.288358099831726,8.87747490900347,5.89616952153571,6.299375903505283,6.845251681882208,4.480157819689344,7.815370174239996,1.760315766400342,extrovert
7.11958163810517,2.382853591572956,7.885645361135658,4.960564778706922,4.962222618890339,6.481949903276503,6.632732002390084,5.67871659796585,7.850626961678574,1.919304025315728,extrovert
6.53790126350042,5.464317344801149,6.801975151113451,8.01973271384699,1.0777293819842297,6.658582999202177,5.2557462052252495,6.0357831757853955,7.671502975219754,1.0,extrovert
8.559011897043563,5.595048676289437,5.645104649107021,3.2353997777095715,5.109151594061259,4.941260490930942,5.877623245680134,7.282480542198217,6.35793448295875,3.686277800681081,ambivert
6.41333665714757,3.4131775075296718,3.30995520906323,3.7714694893089877,4.1857300754438835,0.8636995848866844,4.9164295189312925,4.103272579621261,8.528520021388175,6.68205055206828,omnivert
5.317778724649263,4.270708815657174,10.0,7.921787135954064,5.3914102669643755,4.333845122862123,9.363131689653546,10.0,8.252974299254003,5.0,extrovert
5.064740954572418,1.4399433227241865,7.357717746127318,8.413707181360765,3.989234135293355,5.2047948274026625,4.211162700378175,6.742466903456021,7.399845767028305,3.083738793501893,extrovert
6.691665849853862,4.1489912268137665,5.571076744030428,2.1421868308886474,5.5860817417007755,3.1699787745312475,9.951932365630563,9.911895494861245,8.100819764956885,5.465423187795732,omnivert
8.156051355093187,2.2631377709558116,7.7105167305724045,6.422389101646203,6.921919936406983,3.93020337383552,3.6394614454445327,4.112291612564431,8.936738551733509,3.0512224982114566,extrovert
8.06227777958679,1.537032930100941,2.0664273256392516,4.26095665178114,7.999237810593334,0.0,10.0,2.1215464725689914,4.921409365000091,8.010540385877777,introvert
6.949019052948615,4.527491963658799,8.0,8.571831221641512,6.726943873383558,4.501500715829623,6.746771450458343,6.250248801431477,7.065570029914197,6.181753858128443,ambivert
4.386438721366375,3.388433786234457,5.025456713414099,4.156057647498139,3.8316303025347525,0.5673295315085563,2.774606028065924,7.148197595150246,7.5856023247731,4.462536974524325,omnivert
5.539723947591799,8.501620896281707,3.8186384563327165,3.311599097288007,5.223835330677036,2.918544770462855,5.544931237783768,8.875369968322595,4.589992201719842,7.555802768119115,omnivert
5.222263624416651,2.6807785447148005,5.304458078530977,5.796162921712229,6.9836174829555375,4.623530457324838,7.44769955521414,4.206304252502199,5.167457444861561,4.823509100310385,ambivert
8.720601386992188,5.742445136567051,5.334802636325965,5.877978409446377,4.516361019034339,2.542475152762,7.205518096017144,6.796159524490209,7.547929203837049,3.3386158481772297,ambivert
7.311859353098108,2.07828322711133,7.333760567968162,6.597948534073179,1.0,6.6310192912630885,7.426332531757651,3.230919037410337,8.605894453115233,2.003037425225016,extrovert
5.698145468468392,4.157191667058968,5.161907076756515,4.950808689676084,5.245926194249915,4.430317483458087,6.3456118573251405,3.305459978548288,3.0,5.923010480134091,ambivert
6.60466265638349,3.586812420351375,1.534040222976927,3.1255186213898707,10.063303673077685,1.0083984623826001,7.505037466504811,6.97132519163403,3.0393071291610534,8.138989504672335,introvert
7.445090548762344,5.163608863376069,3.0,3.6695294349450887,4.305123405054907,1.815658185929081,3.7870030394781633,4.854114932368057,7.264673238049408,4.847339724081792,ambivert
5.255441739104473,1.0,6.187832461028382,6.585417715589319,6.041195432231308,1.6595885253236093,6.100988575572378,8.161406733700952,5.183062963310117,4.896885610840225,ambivert
6.017885600869598,3.534062079334303,1.0,5.787021292953218,3.399718520795709,0.0,4.760786756577993,9.656200911216958,4.655900320052861,6.4709214571078455,introvert
7.940030452628838,2.458572667093833,3.529664969006018,9.053957141681686,3.827816659560747,0.3226019177676056,6.42061422665583,5.290478369873208,4.749145799569593,8.413386477600778,omnivert
6.0726097425549135,9.541985455219429,8.071556443904209,7.754041236054117,1.8182515373367094,9.269172611869218,6.989220661882002,7.971791044679154,8.730070759191403,5.0,extrovert
9.427108276683377,3.591209185994333,2.0814333286205975,2.340577306948644,4.837137257436995,3.365041895030555,4.579120376582296,4.301136454416122,5.999240108031719,8.10022918804315,omnivert
6.952831254846843,1.0,2.0484391300900047,4.9215138754227095,5.944579711601708,0.0,7.1933098681769225,7.027279973372227,1.4308183724062435,8.083243763189683,introvert
6.583376205865285,1.0,8.000899349831894,7.777568272499819,1.6906506130690726,5.418734768652131,6.645284821080998,7.0219027210251115,4.910502434484281,3.2002241088696324,omnivert
5.628435642603252,4.063474393549112,6.6099623729689485,6.345040153412038,6.98652818804543,8.455060162110524,8.618483571773071,6.434010472428776,9.022514105265758,2.5050632598957416,extrovert
7.028683651941947,3.0478401254847727,2.56271018859698,6.104657182475775,4.451103727474696,3.7216453876096685,6.994562551456685,4.722298466659646,1.3708105512278852,6.0,introvert
6.563725546536918,1.0,3.717103896298548,5.410874072404381,2.5309369161378856,2.6366965560458806,6.753790592924154,4.2560865992133445,4.324224123017924,5.055538895822347,ambivert
5.649295463161637,3.4233068930137702,7.103102513829818,10.0,4.726916768204481,4.165242829872892,1.184475738991431,9.304788161383025,4.812555692333547,3.6026168736088326,omnivert
4.628844040130057,5.249061819744265,2.4753854885788247,9.433999098081463,3.71296981496144,1.0474500170142198,3.369369095589601,10.0,2.532593087358551,7.159965837551795,omnivert
6.555390281691965,3.2363745998835216,2.016308813121963,5.5970703788624885,3.025146723554855,1.3793877956282334,7.692115869275698,2.0806578354691148,1.8057947952202569,7.753246575628102,introvert
8.000000694136368,1.6723452212344339,1.317035429598608,4.736642158940654,2.1253113057785793,0.4953967283178158,8.439222611425595,6.380915207480042,1.1710733002167093,7.850857067405077,introvert
6.719035651660984,1.425745519670861,8.249225224595733,7.891010648735861,3.691366749791183,2.876327535299681,8.435012489288303,4.294828065345305,7.59794844564249,4.169032562484888,extrovert
7.845407847789668,2.3625698494326994,1.823263014330108,3.754601962323033,5.3215316915571025,2.001305460166848,7.41416963745115,7.2126558233194675,5.222941152654804,8.25367588096479,introvert
9.57273290719039,2.1329569222123785,8.6274025856426,8.562163015032885,3.7832844396375727,4.295575879276439,7.192142995533532,6.51571815726525,8.206033052335817,2.4357649280326377,extrovert
6.029807676528175,1.3934481853048166,7.787663327007141,9.920566903587972,1.9425595021914428,4.769356897375783,6.654371587406574,4.567088460649889,8.309960964998506,1.0,extrovert
5.4030288857656,6.756388244165619,4.2579592312185115,4.154954886116971,3.282367357426909,2.874120434651853,7.6755264425020435,6.332956908031962,4.834264780463002,3.0,ambivert
7.01883735514931,2.611839460811277,2.1680466915035015,3.595310927570604,8.19029524090483,1.7104096853018627,7.708878587988685,5.64190523498648,7.15395929148395,10.0,omnivert
10.522789482793334,3.0996439292272076,8.466794248176356,5.771031183382253,3.965865089199399,7.468923022680753,4.737036738744793,5.777721023056888,2.5872857244023653,1.5254034202251394,omnivert
8.9067283941329,4.7026591499116766,6.336862729799446,7.652961344409452,4.1045621922035105,0.5571669419861252,6.6919532125717085,8.598004611520356,6.23465009203393,5.02299123495555,omnivert
6.806457146000789,4.40336646725875,8.984578617436837,6.541557378465747,5.611449824577389,4.2129635392397144,8.173318505935674,7.193151534542338,10.0,3.223373429020986,extrovert
8.141739132469704,1.9890643689273957,1.0,4.275088921381336,6.505568853790388,1.9089529508678365,8.214397283363645,4.3305426526911805,3.2204029475800318,7.9164398560398705,introvert
7.599836948488446,2.973367540455375,1.0,1.472268203417043,8.241072287993427,0.7614397614665818,5.986914455465592,7.868418712859903,2.6461252060318143,8.585329785301205,introvert
5.898428674467117,6.131177397754401,1.203117248821394,3.5692053931929135,8.010291576749808,3.5465625661815894,8.86364152871328,10.0,4.301221918447245,10.0,omnivert
6.635648712522399,3.6969071395488653,8.929946335209092,8.753982495009982,4.300357212165877,2.7398017534904335,3.934413250508452,9.219056978773807,2.8829505040703562,1.0,omnivert
8.30917651022316,5.677944815668693,2.005811957243611,7.054758914877056,3.1439182652472386,1.6049927914447408,10.0,6.884235272103748,3.7437075315413564,8.853692695358594,introvert
6.683862140701301,5.57688422655363,3.3344829694603586,4.165918948835089,9.159240403432175,0.7354813579568391,4.815843406087249,5.350185537792966,3.1676987373050824,6.23355551236785,introvert
8.6358747701587,1.0,1.6512153196719397,7.444966695770173,4.366589783889895,5.56825125591291,7.642322546255632,7.306765097802018,3.1837273029445603,8.809386578794088,omnivert
7.353271310963448,2.9990255147881557,5.530843705644741,6.864449479560765,2.337289547739886,3.953397948907573,8.25608570344386,6.0773316553768755,4.438253082649098,5.813754716033127,ambivert
4.957717323977997,3.5428869284849767,6.785218451458742,7.10240199800774,6.216689022152006,5.355296514029147,3.133022980168606,8.170125868859666,3.7123139183658624,6.423298228550431,omnivert
6.01878112407384,1.5123683763536122,9.249787924245245,1.5417360259322095,8.281944716002801,3.079669781100457,3.7531366184785027,10.0,8.83249410222333,1.3378653823313473,omnivert
6.67018563919625,5.617604488610514,5.341812414352559,7.702287922583113,4.463861961049886,6.067229384273626,2.456340195617287,9.914241519072506,4.850150089269874,6.195704712620583,omnivert
7.7908652126961035,6.325708601787741,7.032285784399233,1.2499505804744713,6.895948060260195,2.3104797596327167,3.3308578158050515,9.965466799337301,2.922672614482214,2.744147030125757,omnivert
6.384478477865796,1.0,7.040568778266641,4.502844133578343,5.853771678860016,3.655882995434707,4.190014361629609,4.52381115573042,7.157960361105418,7.197186694518034,ambivert
8.50034429552948,4.813775119211238,5.966522611567287,7.72354209449744,5.3778053408646365,3.506749957516075,4.88788392213727,3.3719256875815646,4.516890940593089,5.560495601333716,ambivert
6.2891728532175355,7.577096798615454,2.4229790064534167,3.9441258563988257,7.058698007810665,1.800879563605848,7.585574656853063,7.854665328033426,2.0018665528058093,7.714780019646819,introvert
8.02292000175547,7.436949952846235,8.523588403608839,8.261986990368815,5.3078802005507,7.953866447768615,6.336593984212053,5.835682263372679,9.075205016106565,2.816925538419209,extrovert
7.149648283636558,5.954769210001586,6.674055907902776,4.568365350537135,6.59765572280211,2.363039425446138,4.93941691238293,4.849746967139084,7.003403908927769,3.7676589457511924,ambivert
5.8909215816169676,3.4605299316498637,6.176496055648921,7.370910703984487,6.523461928539815,3.2994677163690684,7.691882017293551,6.843720833177955,5.873398158940401,4.943081005713874,ambivert
5.153443147409201,2.760296518256308,5.890257835504681,5.728834867794769,4.757886570399229,3.1562869006194467,2.944786775725934,6.122358994737504,4.903977952122833,6.199027345020077,ambivert
7.992683329188908,5.7568732948407035,3.3350425396126866,1.0,4.29228213752609,5.938481964269795,6.278442078842883,6.497342742780182,5.3359756050601295,7.5994699223656985,omnivert
6.346740730569781,3.72678682893595,7.775754027006369,7.615232836590383,6.242291746742618,5.797334914404223,6.7591983187758276,5.760983679319998,10.0,3.015681822324828,extrovert
8.264562462441884,3.6022547208401985,8.032263006793437,8.750293442413387,6.195163410723342,2.0,3.273834787902296,3.724947679161977,6.996919698240182,2.6285307421050383,extrovert
8.228451455328377,6.0441162649293,1.954542737507867,1.8204368019679702,8.546477243424516,1.6544825641029168,7.693119726955297,7.902581258014084,3.6221593361831865,8.969643427282486,introvert
7.505583753078923,3.788322785215363,5.696471693795553,5.524938833588595,5.681581805934214,3.7870418149754976,5.3288875772039574,5.869913335939785,6.706869453606463,6.142491121254134,ambivert
4.923392669657091,4.39882154969483,3.139754313978354,7.165623387697884,7.282141081820984,3.68604707164358,5.185602435967684,6.041176947935987,5.222724459024205,6.797009395890353,ambivert
5.982839285657098,7.104453969569995,2.6514134843943604,5.060022839567098,1.0,1.638655702043599,7.2703069302583145,5.3373909338507275,5.206552036225656,9.47598844212642,introvert
7.605145424061127,1.0,4.543136973915516,3.7065195908514212,6.2960964330185245,1.3736799117895053,8.7436927714025,10.0,5.052338085808115,5.383402281381789,omnivert
6.736393734594985,4.440939827995701,8.343038468869885,7.4037924801105115,6.326869806447402,6.419944285878233,5.9706733887841885,2.2672698452206443,6.892338972881941,1.844853644142674,extrovert
7.148257235146699,5.640452899914499,1.287282136085304,2.477929332089749,5.421960961244912,0.0,7.2589826252721625,5.955478013983168,4.082855228157213,8.091930884541991,introvert
9.77759028000821,1.1083966235363696,9.074231864033278,6.39670508611535,6.535318040938246,5.781772493822408,5.828188856680712,1.2658345784530236,9.338940500469612,2.9209546067352044,extrovert
6.787871004261062,4.808593698313062,1.525117181275096,4.885798455533891,1.1952329107816393,3.4517235555780426,6.6573448493713325,7.045685806275827,3.9891768616704173,9.929093967679412,introvert
7.6180423206503916,3.0450979343010505,7.703387140975284,9.341503488709938,5.891690510195363,8.526899486484261,4.986665913056487,3.4731232547047877,8.116028728047649,1.1569805164554638,extrovert
7.672941431641881,4.385163839321599,9.052834748690806,5.166156530694559,5.132033327294642,5.112681081440564,6.397396531343933,9.942538408411695,9.90159859294643,3.8864052093067447,extrovert
6.709148061536311,3.3355709084695113,3.7521995694201467,7.719549112945247,4.51159690167459,4.69909483442379,7.0896930888232905,4.379195151882417,4.090623267107878,6.496079429958375,ambivert
5.589286473250178,7.327495899933541,3.7767291850730276,2.820680807425247,3.6085078786064377,1.5106496043387596,7.989853991993368,5.666002698393774,1.5107009983716817,6.332841523746811,introvert
7.369398847016662,4.066209099713623,5.757257812936981,4.5109990668857325,7.545682943101529,7.710541289505444,2.087302978669287,5.890438703718896,5.394945992042497,5.091805570219027,omnivert
7.720255558893133,3.9643701798627258,6.9577285550557075,1.068553586596364,1.0834384475434957,4.868572745391794,3.8750047066445603,10.0,2.726422960443185,5.5079886866483525,omnivert
5.88544950225705,3.327936834994448,3.273274060162518,1.310147452252246,8.944310195616389,1.015488461393411,4.763828537413176,8.102767297571331,4.568704822718967,7.276262788953757,omnivert
9.021429801524143,4.272525486313119,7.85829448935146,1.9347157071422383,8.284911882966135,3.5301946940005493,5.711372022130287,6.9778832232361925,7.987857134730016,1.0,omnivert
7.287553021886797,1.0,5.986525451141897,4.272425754805031,6.401925269552954,6.628242076652068,7.580988889545855,7.558743414013771,6.914680318656438,4.591988013006585,omnivert
4.495567577677518,6.372944184734805,2.944073338322746,3.3000892399470985,5.92514806126443,1.1241406149753022,5.395159729664636,5.443873162310948,4.240673142848652,7.819263182444081,introvert
4.884351813564719,5.977798333576942,8.281057679043824,4.502698973201839,5.061798942382271,5.8667198395583116,2.5879546176017563,5.063818456170763,9.989863438602082,3.7445986268187617,extrovert
5.652942291394701,4.575197382195778,3.0,4.946625686455285,6.764598419566601,3.5639682483982615,9.777668774365619,6.102388115803923,6.129983117831207,3.406843535335495,ambivert
7.377096799114328,3.3064355256488316,7.445269653553949,5.820495158060784,3.240586290684764,5.2118248885567695,6.499589867778662,8.04371767209259,7.497812544218528,4.67274884483939,extrovert
8.238958312661376,5.359704206486361,9.256517963134586,8.988063524304785,5.004962728896991,7.2680907927220995,7.030680415891695,4.734248773627411,8.10798736008087,1.0,extrovert
8.877572386976807,3.7352967132961505,8.759518181306612,9.28054545834057,3.542472568435385,4.288570153993323,7.423634158123582,2.4556061825285385,8.966358374446335,1.0,extrovert
8.859921286021047,6.436970273497743,6.768181640706728,5.144249094565234,5.211279176152115,4.197286212416342,10.0,7.070203843253951,9.29062559916277,4.6654480052032214,extrovert
8.548910108946913,1.2948329043716993,2.058015242088429,6.9016312989469375,5.91015067846926,2.3876052891820843,4.43757742610435,5.66191632429782,3.5407688101341446,7.663722128653996,omnivert
3.856305875092307,2.514105045773479,8.243507625021559,8.458095333043778,4.611413479847776,6.984190744018614,4.974689949039808,3.596864235108704,9.487334516589101,2.464671773688643,extrovert
7.262391168108757,1.0,6.011365242504768,6.463674437583815,6.219477950253577,0.8441091712096087,5.164869148686789,2.707504420315211,5.99937669917154,5.468969804448709,omnivert
8.051408718031691,4.013252826562421,2.8778672184258793,4.000840864102503,5.326597727703582,6.935528342644099,8.689758618606275,7.311567314468787,5.100559852141052,8.183218954172432,omnivert
6.1149328424236336,4.914963321092542,5.3253926508083484,6.479717452194267,5.62232513570183,1.0,5.125685856411383,5.429129593975622,5.891892562907776,6.028528165471081,ambivert
7.098248967263587,2.2800272069192333,8.4721824625061,6.1441385378028155,5.552182100421668,3.2607651334219776,6.039265531663219,4.179823899406774,8.921586610614456,3.995288160198712,extrovert
6.7301763330461775,4.6871215041325165,8.015785136415396,4.560160700216052,4.632253074041622,0.0019434754761018525,3.8001349802663436,10.0,4.0066240690091615,2.258971186946819,omnivert
6.757478087281797,6.366619284734232,5.3342006387698175,5.336656611183766,7.822415343516057,3.99226706378005,5.37376532124107,7.829278914108022,3.4502705190469505,3.3771923203826377,ambivert
10.086394380993962,3.8244543092578778,9.970149501412116,9.36433285538379,8.042130652014066,0.21157522078133972,7.048332180312169,9.526313185885865,8.720083165733879,2.3187305006397283,omnivert
8.57906472045534,4.103232285963427,6.802317427578334,5.049819837174451,1.1768077335229261,3.2879223332699112,5.465611425464005,2.3184401186645975,4.5791961653894235,5.153088601956136,ambivert
8.443091806270273,4.241499548792518,6.974124615472997,3.172786890742014,4.937749030223827,0.9621677050288548,6.086371620505338,8.033502244545536,4.673706133316882,4.20126150906695,omnivert
5.706706266484833,5.586951562509011,7.1729746182925185,7.712575370459857,2.7966307887673327,4.434598320676177,6.124638392887385,5.558109213437438,10.0,1.5614840687556812,extrovert
5.73074688525292,2.7527627285308225,9.278576450078422,6.976113443522356,4.634883624360758,7.881292549572683,3.812515435661008,7.259397726419939,9.218185725707935,1.105733709711385,extrovert
5.805791248120915,5.666755181286311,8.65285937341839,2.56688577513083,5.592012773472682,4.876228078032509,7.266956933372325,6.47096497796442,5.6365129833548675,2.516386031400574,omnivert
9.118545088337317,4.48682228640371,7.420176245240751,8.878614724481652,6.764815478111042,8.485377137919043,5.708231987860645,1.9628622617391713,6.346657080128756,1.5928830031926808,extrovert
6.541057122796852,1.4147430431293877,6.433796294538517,10.0,5.030151456958051,3.959862357699688,3.404275477630404,4.914462808307258,8.529923549522094,4.432078326416326,omnivert
5.3067318027207016,6.446541089495245,4.833038395330136,4.910111284942054,2.701843143631049,5.155385357038533,7.169183525529343,6.342761091974545,2.797616886111805,6.658870622097104,omnivert
8.010756792416682,4.537213265166591,5.8364127139946955,4.3178680175548845,6.844586816080804,0.14366291000120768,8.53437992173287,5.696349798388202,2.2231935664601448,5.868448834201066,omnivert
6.181226713351443,3.0966671389606604,7.284127426695214,3.3532665455146438,3.4900481698002257,4.326720978304432,6.799968007941848,4.357430990433485,5.594250359379011,4.689442569602487,ambivert
8.06829700100381,2.684278703712148,3.011012390355795,4.2746355168026104,5.816106979840264,1.9100031739312475,6.376372849818948,6.620138584085594,4.908855244392854,8.947903666617023,introvert
7.410805401387545,4.129666350310741,2.5542672507999793,7.563114060215616,4.033687605780007,0.41200549934638775,4.682125888443899,6.995491885113767,4.803676871974608,8.877200752142578,introvert
6.468347174645821,4.8238358548963935,2.4092012748090035,5.6743106024228585,6.446943798070457,0.4459535953664988,6.029540347068918,2.4242630185855325,1.7157452390073749,9.697024745997307,introvert
8.384963483833628,5.3548592279361475,3.570874675060077,5.090571014806131,7.328519089588246,1.7162651482690194,6.920912886841663,4.621452767199937,5.314424244792271,4.253040802539573,ambivert
7.648345532842835,4.491613181728559,3.3642397889200466,6.359669532869843,5.852300903775384,0.7809500842811916,2.5598459163481175,4.573869484283083,7.6786139088095045,9.070168256114782,omnivert
6.557272673162245,2.896630111712759,8.532350495601612,2.4185598634612946,4.371607640279027,7.0739613914316335,5.171126678716516,6.424930428207773,5.007219204139828,2.2935087872681437,omnivert
8.683353173123319,2.633561209203344,8.774581017369291,8.638392884680147,1.0,7.220946976719491,7.2894297937174874,1.3217062899036733,10.0,1.59120876886166,extrovert
9.222733821410724,5.529283774637844,9.067556954748124,8.775332613170239,4.6762460677550655,5.506092040306829,4.810913537430625,1.746551030040138,9.614321694668872,4.052874002085629,extrovert
5.732763040039999,4.811103488976499,2.6976902178166737,1.0,5.2102428761042265,0.5082857793913487,7.283577198940436,10.0,3.9079042417078034,7.88023789709363,omnivert
6.941323379831073,4.995472154534245,1.3982476199001102,5.968334337835168,8.679677956361367,0.7280841948296872,6.27872131771438,7.295206487110183,1.9694788504507539,7.292657120073538,introvert
6.205856242277934,5.6671195855569545,10.0,4.745691940345055,10.62016907653759,7.03216055676938,3.6510153297811905,5.831250708158598,9.390383163519786,1.5899495578520548,extrovert
7.8355874344963885,4.844160540667242,2.4151209858481013,6.906059325327945,11.696598868142516,3.25924217289079,5.658146493526892,9.224486490610914,4.793283164338129,7.965242590235434,omnivert
6.342077446089908,4.6505511710915854,3.381565054551196,2.414667112269806,3.19333519358851,0.3235844889235501,7.865440328986691,2.427487000391345,1.766885982258109,8.148175770997513,introvert
6.498990311781962,2.5728455108698265,6.711588592532572,7.339176567340483,5.5080839156463215,2.4110495692540725,5.150850797394758,5.517585345570685,5.872060964343707,8.0,ambivert
9.48187124980699,1.0,8.29543463434145,10.0,5.119107628141567,4.311846995600964,5.422027439350377,5.2023283587844995,4.13903521529478,1.9313743971719208,omnivert
7.2340299808337525,6.386433965575942,1.0,1.7532826824924745,3.743353845640522,0.06701835536588341,7.011685353032224,10.0,3.7292771873429085,8.4213985611525,introvert
6.789646564115184,5.1873699965482665,8.101365437818425,7.662891375300656,5.674032960784773,2.2437057936372193,4.214526689040836,8.774833589537202,8.395046079818865,3.3941332313217565,omnivert
8.390314694808884,5.161676709253266,7.945296780373402,5.6342051469130725,5.0193492036837295,5.2319656666541645,7.774076902109131,4.8675026667596795,6.0,2.762817128362768,extrovert
6.148682611205829,1.338615513402162,6.987455526132197,1.0,8.01523811271872,5.973946462385278,4.0624373458296,7.1373693165325784,6.195054964173351,4.936409489831977,omnivert
5.559644311533068,2.933690936370035,7.691148155091986,7.49089363269016,4.246065884424465,5.047042216196947,1.4590848827631104,5.067841597588288,9.198828420202535,1.546956416761556,extrovert
8.150238353558338,6.835247177958241,6.259682869761644,4.989514692595213,5.205279730487424,1.7700605626419816,6.164495703664392,6.799764583797549,5.097321158204854,3.539648156576923,ambivert
7.379387148619334,5.7938269190430045,1.9268253008751937,4.961419002283795,1.7399799321844727,0.6146946088731775,8.965386078104531,6.991320204139212,1.0,6.562440284939286,introvert
6.910664901080599,4.8963969242418095,8.778451865107572,10.0,4.64623786010516,6.515671512579248,5.904494195413255,4.688333818628843,8.972406277880378,2.556906753171403,extrovert
6.082975856034585,2.339656627280884,9.231548090636723,4.6432336159668415,6.511470864945598,2.3893772591003977,7.992585689839098,6.432820112789102,8.619407744242979,1.0,omnivert
7.0742600234645625,7.179721240589741,7.725021805797282,4.123208029703562,7.986811594374323,0.11159214953529162,2.908253481917928,7.617932631164858,5.804289089869542,2.808423225375798,omnivert
8.110806651403266,4.575937344061294,7.557536411134992,2.5712389795759556,4.009664459365299,3.1108119717929315,2.7333265520360994,5.077950378232993,8.59826797111059,5.334475358854704,omnivert
5.438094420636003,5.180605848017649,5.885903191247246,8.159434959463942,2.8620630033949785,3.8884603352214473,4.909435795850219,5.6950590625468305,5.897685001985181,5.547562458808393,omnivert
8.587293360262162,3.644283157967262,9.740979206969449,2.7030845929653835,6.094924106235633,2.316661637365817,4.1925735391411445,4.790534152509628,4.315550939993589,1.470585626224799,omnivert
6.315623118656241,5.289860811567373,7.623582044636602,4.060555612689899,7.095701402764278,5.569771488970179,1.0,8.861269541719993,5.507837905777437,3.6148830956871927,omnivert
6.644071049116242,1.0,3.9649855585756573,4.526419877900486,5.796178839596553,2.9359492704644343,7.017657363851638,5.942809366330184,2.541584078769295,8.598914979365299,introvert
6.568444393057045,2.5892436619760293,3.9335106646164766,3.903480459578094,9.022376249734748,1.084076336734855,9.058367603177523,7.5153209730995885,5.0262784960485085,10.0,introvert
8.823140708370122,3.2508500712065427,3.508881378555459,5.808473070042675,6.411808390341405,1.9682438370251762,6.718446419707042,7.750112354995161,3.3646375914910482,7.112274603232439,introvert
5.913015784692589,6.70889594040737,5.193836310259837,5.550573826633861,3.474583966676737,4.450975543308254,6.854261054398941,5.901773006593473,8.0,3.6962744521280606,ambivert
6.320442724476674,2.9615734198076744,9.892943935716168,7.078987384699839,7.753130059095515,8.714691152039986,5.572626096955428,5.610179201362315,8.318775826781897,3.789381830469703,extrovert
6.378691063333337,1.0,1.6500641344523006,6.395516584675937,4.306210430536058,4.201126814157037,7.559579725704974,7.380704255172494,4.281231003755499,7.925942015851688,omnivert
9.009831607496878,6.024878581545833,4.081006742148917,4.703459394431901,1.2521048345986703,7.305647694513379,10.0,10.0,3.8798999843444877,6.795000284143514,omnivert
6.277952065324723,2.9391434375004195,8.32046031904311,9.751139685951467,6.175205324150404,5.8211479620997295,4.228620989985793,7.4522555050833414,7.319187184691155,3.83529761668718,extrovert
5.642313267837955,2.451016169412468,8.0,5.611312184050724,5.514699150929499,5.012471010356535,4.606865354271775,4.84877398800059,5.03463691272111,4.775240057612631,ambivert
6.279233572097434,3.6253799493569048,9.238213447362362,5.165127152010373,7.835564123319615,4.723646362917543,4.822941007545884,6.669585615236134,8.522465892812047,2.154398928691349,extrovert
8.217105828538308,2.8041118753072563,6.7255550293887865,8.760054934652512,5.698941916218301,3.3714383163650856,5.267432556956418,4.555680829541854,5.686515377321696,6.387576590172981,ambivert
8.394711517006801,3.61502469840165,9.682214309456148,3.615271178613271,4.559593322429377,2.0145176160730536,6.430860534331259,4.2998529177306395,3.3886077789339093,1.0,omnivert
9.04492661950659,6.160956985252971,3.7820552004328194,5.742344535276934,2.81574450302977,0.0,9.319645540331804,6.054390439032493,1.0,6.343281552920419,introvert
7.109435643245713,1.5480491955112248,8.0,8.707634025686836,7.625539199057599,4.035705343206296,6.308492991204337,6.62235618696202,7.075599303811659,5.724118727381333,ambivert
6.2705496871890185,5.927099007962536,2.9749837373151076,4.709830849258691,6.416336229577397,1.3660826811205005,7.413762602453628,8.379783338528979,3.3412438135980804,7.511047871250078,introvert
7.844467382679138,3.9941061176995176,6.159927105104666,5.874383346927147,6.808747918787236,1.8266613063843053,4.747020855021701,5.330121912010325,8.0,6.160221791049637,ambivert
8.092502199622684,1.7816237695047996,4.574681976854159,8.109613605431676,9.384491189512598,2.6800685596615663,4.990173591723718,7.693279522414835,7.342996331422114,6.08317146002238,omnivert
6.754634534816654,5.001795624160764,3.0217240774682694,3.670618743949047,8.372670811411957,0.6570855509647173,7.222348690960047,7.858886591572397,2.7446126298061415,8.99367057787197,introvert
7.986472191993388,5.9051640763292585,6.498152690971467,7.057575482561958,4.778067668361841,5.258103702784437,8.04229608867346,3.9697702627139484,9.735782191822153,3.8827022529658786,extrovert
8.098468330672194,3.0472021975929326,2.732862332327049,6.272836639439943,7.743715712460942,0.0,3.9758457949230683,1.5798999403169285,2.1572368509724513,8.09374128228322,introvert
6.10901892095394,4.519702593085042,1.857619944918809,6.643286561720351,5.8694209495621665,1.5781042766747244,6.910360558060665,4.600042244805975,4.54411965143299,6.0807262853668265,introvert
5.984278838249226,7.182704727507611,6.043138069152911,7.586874306608255,4.7002000197813665,7.906096921145495,4.716911970043244,7.039798080015557,4.632292537764095,4.88748356390676,omnivert
8.068312637760641,4.503546401259972,5.69267660086944,5.31241788471947,9.120605220008324,3.4982942811880724,7.78477732125576,3.4575220583966892,4.752102946488739,6.3356469378564935,ambivert
7.109312327507096,3.7643335507729723,4.8211534646736,7.933414881214036,1.0,1.429031014034396,3.9575641840694056,4.3772330152258645,2.1095030671520387,7.831596238840626,omnivert
6.675382141714964,2.2409721603134303,3.046481546499667,7.708077101784147,2.6171956252491535,1.9470593025966227,4.808283773740995,4.998925813544466,5.257092780155108,3.9961815514157166,ambivert
5.18496524164135,7.752483258215829,4.300768687833461,5.8470802067945336,8.844531808195056,7.755515005407027,4.335136091466434,10.0,3.3991108225461053,7.321762656103733,omnivert
6.364287755479554,4.5596336180764085,7.960247632551443,9.284205733386962,6.0599372526396404,7.900827815888851,8.195100235247713,3.471702950639764,6.288138088670493,2.9413361935202404,extrovert
6.366326664369115,3.2413452926236737,7.2323367139530905,8.687219010546205,6.116728625263772,3.811325915153798,6.221876419650105,4.135215172268355,7.882260892256431,4.584380281152799,ambivert
6.818994746119966,5.948843896996732,4.03542240371219,3.3604453237795693,7.84551369053489,2.4788304896770734,8.254348552639623,6.106337852092105,3.3964024074684547,9.346233805753103,introvert
7.261362807698472,2.79734251301002,2.327077083395616,4.803227689450882,2.1510610790935094,1.6239484735295777,8.879580669794532,9.514422210427506,5.32958521647442,8.179195330546165,omnivert
7.938187446132773,3.743716926961672,10.0,7.979672901213806,7.6830137038449235,2.0,5.932034108015702,5.499981268376666,9.084412980472484,1.5816448982383746,extrovert
5.359434632247705,2.7061017023042853,3.0598543737401522,3.224197081879434,3.99512952529393,1.5033224949808992,6.529043763375531,5.343458990050399,2.807010830471916,7.61750202170464,introvert
5.8303819957272145,3.5518645327376674,6.169369794890313,5.39609209230046,3.0557443822161092,7.893262973291302,6.016088310926756,5.993865081404219,9.3868873900973,2.1553005541372094,extrovert
7.719493049494427,6.367914923692187,6.623158588468527,5.982520475830118,4.131016538774406,1.9279700639673436,5.287785625986102,5.680912598544419,7.2617583692199625,3.9323638783404453,omnivert
6.16387381788451,4.4540327135680196,3.5668445467358705,5.300038867058174,7.45684422405607,1.9307789856139252,7.10689175431976,7.019100403367924,2.0874738529809935,7.717146506171998,introvert
6.353052756221226,2.6867155543466628,3.331426906981374,5.994177322366694,3.5405575505663864,1.446141322720891,6.397750330391467,4.6729659776170545,3.9539516260676066,9.08955477635246,introvert
7.787864330360596,7.159613516397767,6.7158982804086165,6.5056486236735775,6.478749122455836,6.389205336440281,5.063189449344557,6.77051032913329,8.863631882624968,1.0,extrovert
5.122236674365534,2.399366509189016,2.669179239534472,4.998911265486297,7.287395378778221,2.947277386704365,2.285028264760876,8.029412964174622,4.776384967794259,6.78986152094318,introvert
4.868504399840258,4.571415870250315,2.14302135895138,6.257576872074239,6.3328920762029055,1.706928819819247,5.738764356674378,5.626556643372397,3.7964634929461356,9.234522789708176,introvert
5.3137721838357095,4.421244017835666,3.987500807729874,2.4423853061047414,6.648142441788003,1.0942645154845025,4.22378509644218,8.062824258445486,1.0,6.101086431171632,introvert
9.039948849491656,4.689380172533671,2.0147230921792465,4.724045223406783,6.364525901268311,0.6105838912419024,6.8859237642620865,1.6258913796592371,4.234174171251004,7.828089301562969,introvert
7.104456481885806,4.743276617696123,9.857006241596075,9.950147298451643,7.013977233290704,8.103482578797596,7.892867952848523,8.335845378046649,8.180152476745157,2.8379618830614124,extrovert
5.4846762691617235,6.013538201477582,2.5901408275867466,4.342340139414956,2.8943104729505094,0.054305392188718216,4.25757456923337,4.237628278295716,5.25032221356607,9.932570471709422,omnivert
8.06485883696936,2.8233813032534956,3.512625970866305,5.629465389544096,7.341631731759991,2.452649167806476,6.128531601065681,4.317168043393511,4.673912076591678,3.5380663750549344,ambivert
6.934796224301555,3.3387595442171536,5.9608315664435345,7.262410805637587,4.810369738665409,3.221807717232456,6.838696306689952,5.237161595241235,7.22765720408031,5.503698744231279,ambivert
6.227877919563668,7.076135293653808,6.5853734288650845,4.698831004979106,1.1658198769484853,3.4322295337219275,5.618933634389078,6.022988608186186,8.0,6.3491073359649715,ambivert
7.4623808556746045,2.1365638196451266,8.510549074141958,5.9778649039606995,5.386108752557865,4.593543901345449,5.563482795758675,3.703653373088959,9.478858050781795,3.084421266056356,extrovert
7.733157213095971,5.450171859208609,7.456099695023255,3.0,6.856039830933985,3.167872108164382,8.115478307660904,5.92593528272493,5.0978159364732285,7.677558821165236,ambivert
8.391807959666012,6.5190755685502175,1.7618387822616608,5.135156409716746,4.813588146313925,6.16329429654915,5.284069710013979,7.170255653415021,4.07245857027263,7.912662249742653,omnivert
5.749546705308276,2.2670813824876976,1.1661037005837387,4.739193760206193,6.176046962203416,1.9695897512574727,7.489852495726437,9.032787663270177,2.9788515511399924,8.401326217818227,introvert
7.563121107770232,3.1603083173892434,1.0,3.7131494793494237,6.925424057722663,2.7123525481246262,9.912510564852447,8.330759050853903,3.3159012589464627,9.064495731735544,introvert
6.705534260796555,1.8701346772016048,7.901418585928917,6.4897640636341976,3.3378733448002054,3.7250156443958,5.964633746124327,3.336010799401424,9.18021610545045,3.130141735677762,extrovert
8.07442651691512,1.0,4.9814876057962625,2.936133457994136,7.262815057847142,1.022789389638301,4.936237294427093,5.062890638922379,1.0,8.02334990662266,introvert
6.123560041939436,4.139262953765713,7.218298395662662,7.788073674735047,3.6012022223361138,5.4449701898987275,4.587658030099739,5.868436807090643,7.408299123860686,1.2999421534035305,extrovert
4.881485562969152,4.802822519311368,6.060662312353359,8.029109841991644,1.8752825871457608,2.4949188737100716,8.200768431957533,10.0,8.0,3.1166801202924255,ambivert
7.02783517426885,2.5913225246465394,8.567065647452031,8.489941156209259,2.4990469016739967,0.5960836945491206,4.647333355460086,9.890835435401353,2.53269992286542,2.781505096843042,omnivert
7.05583415912045,4.39350067576247,6.091193343838165,8.680133173245483,1.0,3.872796341883604,9.348245077299662,7.01385454175878,5.2503309857950935,5.171892980573771,ambivert
7.823512228449416,2.638568658488254,9.259463258383203,9.136965180891403,5.873533528954157,6.146335428369563,6.316388996374431,3.7234624907824396,7.94169824605397,3.058158208910294,extrovert
8.6212189029844,5.272658247299413,1.3008387978389946,4.639196995575007,2.5424457523074286,4.083141770789653,6.151659641807967,7.478564463624741,3.917404094409326,9.338884355284028,omnivert
5.910692583823696,5.351042501539178,2.32356949188298,6.044186222397536,4.286993223568521,0.930890443671091,7.74226282401804,8.088728403348297,2.8759274641552603,9.24807418388309,introvert
5.574681712098968,5.6895520408221,9.127455877922639,10.0,5.575083682973643,1.7188368513999848,6.3688205610979205,6.400857349981178,8.677445626927055,1.9597855598979708,omnivert
5.689679319525625,4.645216512777316,2.4073347457323453,4.6097954865025415,4.72015258688111,2.422425087510266,10.0,7.06844561619317,3.7652362033727753,9.503759389721893,introvert
7.123430293518801,2.992816686478956,3.009298609624248,7.29269759249041,5.044560770328494,6.731518079649958,7.1600801160061724,8.16047299444452,5.005259359929367,7.867008200863969,omnivert
6.378075738071623,4.417689887243745,10.0,8.132881131352928,3.010690593377166,5.773070662165475,5.5826742086608325,4.252589579175253,8.506799844559998,4.572181118035729,extrovert
6.911262921269929,3.1519756267278183,1.0,1.8433971703678633,6.830833647383558,1.8417027668944954,5.847446745712223,7.489502199045605,2.77482457311929,7.7759852452238665,introvert
8.503048877235077,3.7448364027504306,5.8109909028043525,2.073602394832476,4.4626665607575795,3.8475328646744282,3.851460563650503,7.997707044832582,8.671872287555756,6.513491723036718,omnivert
8.845643879759162,2.781108919278199,8.565698667663685,9.075981594011418,4.479967202290506,4.524177183708595,7.2778789279932,5.108419086386391,7.242422141085384,1.9988841535300892,extrovert
7.8876105617414005,7.08863373603885,3.495325747142675,5.119772784633003,3.6787098256350204,3.184697425889847,6.157969898954896,10.0,4.579937283193997,8.342544670525115,omnivert
7.815517298721611,6.663899450002047,8.237492940155178,8.089976759091558,7.607283593215679,2.0,5.420325113471945,5.202325545105433,9.168741655592513,2.1955290439065145,extrovert
8.431724407998722,2.4962614916947152,6.380646889450444,6.00736583784533,2.870453098561093,2.7401872582807587,5.942155332499853,4.784286455544427,5.000027508237994,7.015103530890419,ambivert
7.433963230057161,3.977955808875554,9.704605097587827,10.0,6.457959651492784,4.288768920526271,5.743639629058392,7.077026540413917,10.0,3.358086162571216,extrovert
6.235230703565446,5.331375673104409,2.820182075554482,5.539286376356155,9.830112135613206,0.0,7.01198156915794,10.0,2.222621041708196,9.168346699313416,introvert
7.356381607879824,1.9756442346918353,7.3975349307768665,8.328734931625721,4.757118268008417,6.846362702539917,5.500759312806446,6.140522614863386,8.604355937523213,4.36701937110518,extrovert
6.957008753068058,5.755215520151952,7.337332346862834,9.158288899436975,4.960250129413257,9.814616426531007,3.7745646684372005,2.6363634043866746,8.265980140893019,3.3469088888404004,extrovert
5.654558407793379,5.035194077781587,5.8167103196154395,6.208331282018065,5.236483623616442,1.1220283541998837,5.075352169960317,6.106050392147201,5.474079795908056,5.429094431155854,ambivert
6.603070124772337,1.4675018790762953,4.1936115108759235,2.398516037898164,5.290064584872752,0.3793250891206794,8.450957020387941,7.430745279083221,7.725893397540437,6.7839195124495095,omnivert
6.5686014680254985,3.0113893489082826,5.757114693855258,7.278261271982858,8.4689181856514,3.9743946904249583,6.87331082098441,4.4883749276361975,6.629272496800407,3.0,ambivert
7.077136022914555,7.036854943130617,10.0,9.319646549968775,3.6535335077781914,6.527200213139433,8.33673478022447,7.215846513654107,8.957772866151887,4.144703850716326,extrovert
7.578966898291823,5.205410587894069,6.283069877458342,5.445295530631383,9.00958836396873,5.869102606394074,7.9611927971905345,2.1673920480912674,8.96259129285395,1.0,extrovert
6.03388578276339,3.952730572114266,3.939597151732079,8.232807439704892,7.706435144107316,4.052399999268378,6.659608840638498,10.0,6.034838860175434,7.690582440633035,omnivert
7.1005919535152335,2.797996798356005,2.593771675563577,3.0150633111719793,2.037597393110149,1.7684392818382282,8.141765214469483,5.059535996796469,2.1516354481890145,7.549239601081357,introvert
10.231640396776596,3.0000157969236403,2.774889625846843,4.903942128871101,6.398947825664614,0.9095066710755467,6.036000092212609,6.973541825915477,3.11354241000764,9.066984589745367,introvert
9.199068452175041,5.246900959210347,1.22051808172093,3.0448136094305345,7.707754686632516,0.890110428357751,6.31741517062014,8.310043472351351,4.772351574628719,8.097299051480988,introvert
8.929425204169895,4.916251037322356,3.765382534340682,7.190919800206882,2.2523893770551955,4.054481133657198,9.321538840841082,5.158438488184846,4.967577599889013,5.6218382547253745,ambivert
8.758778522705864,6.854830269061633,8.266560525960456,6.798448198032163,1.0,8.561501664687395,7.924875312856508,6.944380669477928,8.271400084659982,1.879802258315086,extrovert
6.903280300843887,3.40085127211148,4.074380486288736,2.735739995167829,5.392190301988522,0.6414402603111602,4.810592876420314,6.4016680455025705,1.0,8.602022054202546,introvert
6.598598516990862,2.444816614576331,6.0,8.757736161677464,9.124897115993857,6.234731013632356,3.5564336417145612,4.099043091085467,8.92097294438939,1.0,extrovert
6.7529686829435915,3.3006626046705834,4.413330870099037,5.379248700589175,3.776593859487484,0.8679197688293043,6.959877092098956,5.433310018609632,4.134732531474148,7.75414800336234,introvert
5.627024227566973,6.341828192778477,5.1686496236183395,5.619655242827697,2.536465554841025,4.138737867368516,5.036654170639071,7.222315372360939,4.82132769132459,3.0,ambivert
8.029478590349612,4.731919661600814,9.007186713144984,6.738449538321217,6.090465150081206,2.040697779371185,4.355992061789001,8.398757541909974,5.030811348877944,2.5603267481446297,omnivert
6.630629834633339,3.129589329076233,3.2157293650981034,5.304436364275785,3.451942818227241,1.695109038418523,5.599461093518317,5.53949720789189,4.392368537016487,8.327612860993263,introvert
9.414724534840918,3.5742004830058973,2.6583135601263486,2.0429564138459746,8.834448223102275,2.3578445595134454,6.19976880264013,4.134581182483483,3.0024285470354117,10.0,introvert
5.841060840563249,6.879047692204821,1.0751923375492471,7.1735404779672125,5.4642100459833,7.544165677165889,3.5546428764837286,8.145462690907042,7.150025907446769,10.0,omnivert
7.854627902203932,2.4762786800015,6.2188751438450875,9.0,8.345120657685028,2.099343373196342,5.275582349521899,3.4343719263204204,3.0,4.723051923258273,ambivert
5.047594094959901,1.0,1.0115598297412127,8.05628198424004,6.640842346721591,1.0132469827775514,2.9743593895249787,10.0,4.780592706963628,8.693946815400775,omnivert
7.9107630645919205,4.560250278178365,9.109560419495322,6.11898961038095,7.528740130036261,7.677497239408372,4.072091775729966,5.218164367204259,10.0,2.424693074437383,extrovert
5.139203882720641,1.6235802273628441,8.729475811659848,6.017113339273624,10.64671960649972,6.825762537334826,5.667939792367723,6.183042919462583,9.919603004513638,2.5380826308136153,extrovert
6.861222061134112,3.9623771308645335,7.4957758194849715,7.392598110878904,1.4237509296442923,6.582925456409576,6.226534399116713,4.122206359991729,7.260892924346099,1.41739366999412,extrovert
5.618807707093237,4.505785361923059,9.73637346122448,8.99440022917071,5.6731795749458,4.2731946729181205,5.530713041780303,5.373759025609655,8.480739620265606,2.54919549311738,extrovert
5.887962029383227,4.765881879832414,2.3642463369811115,4.646505565122503,3.4484946327194455,0.24861402793829668,5.872874788126236,5.453998584722068,3.9296081770543028,8.101422170978394,introvert
8.668399820238605,7.9928805876175595,8.0,7.027263291158387,5.448566070225795,1.0,6.1442352518866175,7.350236287312859,6.278890531536567,4.800326212139696,ambivert
8.568571305138914,4.084565068776536,8.452654250077424,6.047483317704547,5.712860455383794,8.904429889270476,7.7659855242518665,3.9470084066536386,7.546060580603355,3.0100769418533355,extrovert
6.9604116366073,6.174884364858498,7.255391247052131,8.446672646183375,5.060795811548853,3.141619156929487,4.071589279393807,6.980793941707992,3.121656931201076,6.639905472939741,ambivert
6.065176694176017,4.2440141495464765,7.076168972599778,5.720589384714872,7.206403090103109,3.010494535639981,8.368714895090816,6.514145251068277,5.617152314580451,2.9692817165757446,omnivert
5.825510996428281,3.9474104694628265,9.852375697648968,5.568139080901449,4.777981553494861,0.12670456755899373,6.1423684634113185,10.0,2.6037441991277546,1.0,omnivert
8.76361671664446,4.905035130146039,5.66708628025744,4.903924829852027,2.3385998966521546,2.049101505800434,6.907232706004435,4.6322376823819,8.0,6.1724763436452355,ambivert
6.436630736878057,6.594291920319008,6.7027321515100855,7.461668893512832,5.367840402705367,4.280975595681434,6.114896461296424,4.800164329066654,7.310588107132672,1.6962978054215534,extrovert
7.2056419374279645,5.098666477780236,7.372567967416078,7.205475226372533,4.683849253956897,2.0,5.848684142668609,7.7702715737495796,10.0,2.604016505554376,extrovert
6.345976326082239,3.9489882783403716,6.378307387507743,7.497174733074181,7.804077396627459,3.2951324625982052,5.913267061988545,5.398941112510307,4.945954571607635,5.780776041232876,ambivert
8.316915797699897,2.912825453411423,8.0,6.8221067370738915,5.426222093862192,2.914302025952816,9.204842136889207,4.352175351286146,4.728035787848181,3.0,ambivert
6.29845872321136,4.130824943792814,2.351520783880292,1.6379967943150389,7.553972526639464,0.7881738600682064,7.27178991910585,6.828794602427973,3.2369614683771775,7.080655003267195,introvert
5.598664538478478,3.7668689556458066,1.0,4.176585632147966,5.654312992435433,0.8361642260978457,7.191877831047045,8.665914244540415,3.7130484160380153,7.169179070919447,introvert
7.777226245720831,3.5453773274923113,7.915801146249623,6.561655947735706,2.2449151242336747,8.280415098034627,7.539322189164484,2.717200418605022,6.946241233983936,1.0,extrovert
7.015816313064027,2.200632008234397,6.424893079171836,7.9091363049530745,6.436303959368507,3.054969562237916,6.949825595676384,3.2064404583415924,5.422705842720339,8.0,ambivert
7.094756854801702,3.677348154357559,9.136314878091033,6.6668880120964475,4.788051831228334,0.5519200696836757,1.4613410047146735,6.133965068123463,5.535196323041369,3.362152446046008,omnivert
5.779739217342586,4.531347511075156,5.821643395618671,7.719272854574159,5.573239852716446,3.66964760582282,4.652622884029796,2.5723477370122554,3.7479821142344427,5.442376286047093,ambivert
6.983803330314479,4.6426278747370855,8.09874078713051,6.977021798388211,4.524787551855013,6.3738763394927,5.026316111327828,7.091967743668057,9.215381315441244,1.0,extrovert
6.6911096713780465,2.1712726062497785,8.0,6.7790194943957,3.941895191386619,4.9543532374574895,9.341902502975618,4.236144295857239,5.781564172191887,7.691538433508646,ambivert
5.9442227757975346,1.9656332955869371,2.2802194347360465,3.8276630755497756,7.617457059767758,0.8093809260387642,6.227715194818149,6.706543304870381,3.029071856547038,9.545690869822852,introvert
5.8371387381549,6.378369165046127,8.0,6.935111960992542,3.883953490707137,3.36975295720336,3.894323140438753,7.157814262932146,6.94701135952963,6.672201121371176,ambivert
8.166468358887666,7.748788579797636,8.38577404319031,5.1378978081605,5.540834334425837,7.368555890396651,4.343089893425502,6.53285307493667,4.547295845467327,4.397496767205528,omnivert
8.2685466714627,3.6360532256189906,7.078642921875046,7.378925129837127,8.852874624550566,6.283608010805093,7.680025827775937,7.554695726071806,8.7439531979085,4.510691577685522,extrovert
6.96818334946094,5.726687486953372,8.176056423719988,7.012752924737066,2.1902866562684613,7.645014674619604,7.104297902081701,4.789583887673851,8.85561334878566,2.1860292706309576,extrovert
5.471697341684081,4.0610249026282075,1.70504395985806,4.638056386602759,8.167771491001146,6.666170256286783,1.6550528557208777,6.342736079868261,7.972210850527057,9.947797574463097,omnivert
5.992938972132833,4.5834994344791955,6.652733574125242,9.162274225106275,6.176992814988829,5.445390920980136,5.598900252483608,6.502129841662648,8.520886488295961,4.0264922002652535,extrovert
7.4285350858140955,3.0875022843319666,8.40134814798443,7.993143615455221,9.253591625116131,4.144569260495787,4.428656106518216,3.8121270916009258,8.684740578895724,1.0,extrovert
7.685237757276576,4.538625631453193,6.7406535726450105,7.426674460953478,3.8460388008327495,4.67051429294542,6.105945584005252,5.415826593750426,5.96233196737597,5.505257247502929,ambivert
7.659315408922916,3.276424315954957,6.72170009912276,3.945021341299645,4.222995951445583,3.8361707893924235,8.021594338114909,6.418926827760656,4.746706312414257,3.727782386897325,ambivert
6.885442903493113,3.287774718838725,3.5848210657135775,3.4948271993186504,4.777074466612029,0.9555047111453496,8.13123111061654,3.8322371771568373,4.749555818503878,8.081686723098345,introvert
5.993697041863323,2.898099549121323,1.7388569827727163,1.2058082683500801,4.940379315245988,2.510687785816753,5.859656471554747,7.4347380717914096,2.2552023967770465,6.0,introvert
5.570435803356822,7.709346264787577,10.0,6.447012468289866,4.450959467440453,3.1082338759296313,5.27696330243957,8.410782580604828,7.247606555586881,2.6288395094399957,extrovert
6.095516602771013,1.0,9.340754997905753,7.918491243335703,6.731871213888527,4.625083399353179,5.035085631396476,4.217014265818424,9.692507512477976,3.410275889823507,extrovert
6.326394404269353,2.6430481953562692,7.235210787669178,7.163178765725236,3.106884142766627,1.7290864984873657,5.196957041826668,8.172686445162494,7.222916847670496,5.070850674173548,omnivert
7.082672340067425,2.688287093222759,8.0,7.9126866069917146,8.960343609971243,3.5249093828675213,5.141192071376227,6.478629124781558,4.8247676202359076,4.730223428614204,ambivert
7.751164569986461,5.070250848596004,3.443028735840816,8.198032061292926,6.061274733565374,2.083590436797396,5.996362371169466,5.9261270653819915,5.440928053157277,4.689804111238038,ambivert
5.932582684449372,3.515067697999796,8.411270415653245,6.246979420110364,6.686202515936768,6.944762715655543,5.489380359928883,2.3232387342651477,6.721412415993483,5.0,extrovert
8.684043964150229,1.0,1.5366106672589894,4.887991721783083,7.4030995411480855,1.095951765157104,8.04599391010889,4.872635468050179,2.0374997698044264,8.366291751837624,introvert
7.984412815134947,6.160471149529893,4.296918019815552,3.6741721024372684,8.210885602210992,1.3638071059214272,4.663953657700319,9.023132901235307,1.0,7.633773385423098,introvert
7.817247515253427,5.098919804246226,6.154229472262054,5.75993669740397,4.551936928173827,3.340053602882115,3.444578776995313,6.899089014465901,5.257480109178257,5.435793253647861,ambivert
8.942545167593043,4.378893338058706,4.028053166357592,7.911504393259234,6.4146485621735305,7.489004572321077,6.2770792574472924,10.0,4.960078863413609,8.177064573256859,omnivert
6.850135737579919,3.963822246814627,2.1258001885276316,6.633136253214428,5.859244545263847,1.1347551809358816,4.811569785567274,4.770263678468493,6.143400830933491,9.747132679047827,omnivert
5.950432223022335,4.549000981377511,5.661978275029046,7.6842471682486915,6.956345499094434,2.0655913784435445,7.925565304116207,7.096785838120362,5.224459050435111,5.466385827402698,ambivert
5.939371076558641,3.003431250375072,6.839628628244944,6.526083682400989,6.115603537784119,6.892774894913431,5.711163121323876,6.671695601054581,8.585318142565024,1.1975609021854503,extrovert
5.243782062241458,3.4804144499437513,7.362957472495616,7.688364680207314,5.947768048558263,3.9864098228610785,4.349652960280204,9.047973688913382,8.962172666081942,1.4263600163338723,extrovert
7.605984734776548,2.8288433755807114,8.7362215672765,8.082867906796446,5.430023019006077,3.744034826486878,5.39813104734243,5.792361324271233,8.507063158628176,1.0,extrovert
7.532583313775474,1.0,7.7928472400710165,7.542271736053692,6.260395702011927,2.3749082862269146,7.170866368865825,5.460197865145481,9.7119439853864,1.3987393018322565,extrovert
5.971410932300461,3.839583928876981,10.0,10.0,6.71201990269128,10.0,1.6906124122089228,5.027606456294212,7.351205964841344,2.582401166499773,extrovert
10.264202999907543,3.9411494534306324,9.728140658539367,7.279496997557267,2.6830774072728807,8.025168206854364,8.371975757588748,2.4171434087179073,7.414174871114815,3.8776816659136206,extrovert
5.403153842402888,2.1857589482292292,3.1336335205676025,1.6314446790771222,4.025240193004083,5.545676337750942,1.2755827298797615,4.465221096525314,3.6230172971799384,8.693309939897594,omnivert
9.141858878838821,2.864959307830624,4.161273971301094,5.36260974666456,5.3843449833882175,2.857901874340646,6.300835372493373,2.444646241743371,3.4345575183461596,6.786922899436515,ambivert
6.060096049196516,3.7938282785452877,8.159563608976251,6.015557795144494,4.352675986239527,4.442766636500487,5.57621651982625,6.409138941055653,6.529896182288164,1.0,extrovert
5.978152024264817,6.030831609883908,9.403110155196416,7.059739857691442,5.196065235367922,2.701983973878778,2.9585848483229915,6.447978228333362,8.537011570500177,1.4119771259273939,omnivert
7.9108392122406626,6.757894785295385,6.953022837446833,6.244791036982751,6.140509562576308,1.3367417512973125,7.251298801129929,5.013142248192,8.0,6.703235186744218,ambivert
6.682411800114453,4.691317808090753,7.892317166855328,7.565717207968665,4.091312618914482,2.4486873708598105,1.5182198362399943,3.949083791966678,7.412754061137197,3.9637250790170633,extrovert
6.391589608875933,4.528367553943553,1.5509499232921482,6.290170356004078,4.648488790696819,2.319899141153135,5.465519125047123,5.647360790253153,4.384031561947831,9.522248704870636,omnivert
6.767553544234046,5.244913435218499,4.944687472298493,2.756401058662602,3.870487994352904,1.540653059668223,1.5794131099762283,10.0,3.0129744529556395,5.284525124661231,omnivert
7.236750718757448,6.499008000775206,4.286935729993948,5.1671607117473926,5.301811399517462,0.07454799240196941,6.984019233883384,2.6296529490190723,3.7203907521088873,8.286265944528488,introvert
7.580651981425648,3.6503155624386654,1.4988123454101014,4.763304344367897,3.1094124728015107,1.1552636411822295,9.12413578067768,3.070396573726046,1.4733535363845705,8.164822975288443,introvert
7.351686967958417,6.792073555940542,6.463634721594927,7.683446254548426,7.371356786294922,4.338953100390555,4.4241391461046025,4.398241749399269,8.372450879622466,3.3233257529760465,extrovert
5.9284696382444055,2.3592820563816304,5.439080468018978,6.637198970215178,5.08373580783149,1.0,8.575738657687022,7.262474296525586,6.763769662354294,4.510756437523574,ambivert
7.183640700849265,6.690681219806188,6.604118134067316,5.733559443565052,6.241196827960422,1.7307557917172933,5.781151318887017,6.452466753165206,4.461128233914301,7.517527984407371,ambivert
7.908146415984378,3.6570944092039395,1.827270835783228,5.136100292277677,4.755361894124154,1.8150717407751173,8.11724481090082,6.847415661726169,5.389004997424326,7.823353665577283,introvert
7.886159895994492,5.345128489221871,9.895486574876855,7.111436781268945,7.90242784432789,3.159773947881281,7.262965964627639,7.461733472061321,8.601856295261987,2.8109009940984158,extrovert
5.561929450057546,3.994985000799578,7.202290212823039,6.164831465795656,4.969524919059595,2.799163709179189,2.7923956056303862,6.034228909604582,7.0218248878364715,1.0,omnivert
6.52947021624141,3.966676355213698,10.0,7.27491661945121,6.462018463473426,7.492095371611633,3.5148858859637753,7.216221549167745,6.901875648116253,2.399232564925967,extrovert
6.058285710246756,3.918077958457764,1.6900791774513373,2.6131977661366683,2.237448369078109,2.6844026518354105,8.501425939103905,2.803813049686259,3.998053402549245,8.704714896157013,introvert
7.7543193916364554,5.3363996295645215,3.2379784410507577,4.5187458097957975,5.821788408398124,2.6621655481628146,6.822438443422369,4.780713077641325,7.106530708169254,5.169726828937898,ambivert
5.322633425890844,5.341271555712671,7.619686352142231,3.15261463007783,4.3518348458254605,2.3030360266787566,1.194159716013077,5.72676941400869,5.623472549826042,3.4680286571755334,omnivert
6.502447719313764,1.8572660757859176,1.653173182402397,1.0,10.494830252839709,1.9996718499159645,3.9852455125119777,7.067653739868935,3.8521797831672098,10.0,omnivert
7.007527787421302,2.4234836683088017,5.881479041713948,1.364558899430853,7.62028763734254,3.3475959774036648,6.252301540268761,2.7824383974353695,7.6685197008167325,5.768609866367696,omnivert
7.220601419587005,2.457810231111773,2.5619931722212956,3.9001514068032943,3.1362517491583977,1.2905123656424182,8.838913423948679,8.111607512048309,1.7904346063229253,7.584896805143395,introvert
7.040835503616017,4.204109905540041,5.750308974660586,9.075906997795888,3.5112898687382534,0.08536101604930213,4.344921031447457,7.0747926184855965,4.260307480045308,6.418055658287713,omnivert
6.845159061844259,1.3883297959997964,5.397444332901863,9.015926012541234,7.854369926368678,1.2612882143752637,5.744448733630691,4.521899707863991,5.592539830794731,6.41877753965533,omnivert
5.509304159740925,3.7229705914455624,9.423947611015999,2.800484580767093,4.193074208550385,4.711488180500383,1.3801103889976658,7.524354754663383,6.61643040687209,1.9160869981897393,omnivert
7.575329821703277,4.106171598861275,4.151795740023445,2.9761817595150326,4.9239222521558474,0.3842437442329145,6.8334098967360575,7.532353994037408,2.5807388050551996,8.241014111738851,introvert
5.978005390798728,4.136037470806068,6.428999220921673,2.4362788019529336,5.773493294798461,1.3920835841289936,3.6350795431209177,7.075844442176756,8.104742446226068,3.512432500821804,omnivert
8.213755642490028,6.290236300192182,2.243851864779474,1.234402430335718,7.514887946390397,1.1750372088487329,5.88568031106989,8.30954892893302,1.2254157228984166,7.117859839130494,introvert
6.393586129359644,4.562297038140961,5.242020256887733,7.910558021716786,8.872186308677989,1.0,8.154869325822885,4.644591965016488,7.204514193867774,5.875216671598831,ambivert
6.670237234296774,1.0,7.9279507664702695,1.8597197588025796,6.941993905811271,6.382418977668862,8.30863358053313,3.1957230039451945,7.436247878574734,2.3424448698280647,omnivert
7.7365250269478905,4.8261892030137234,5.658668455581705,4.928003730464136,3.6570979531421575,4.9819302110198205,7.045774692823903,6.200838754002223,5.368917662793235,5.74215470815358,omnivert
6.217493333688327,3.48259446507936,2.2330301238660817,4.9685673156998575,4.750355886756388,1.9596756570915905,5.844058009756506,6.436240177225789,1.950757169748535,9.179219771323929,introvert
7.454202578701024,5.887272772668191,4.588010054247629,5.615018194946553,4.437256966066043,3.197403108052207,5.507090692251415,6.559962520040572,5.537031645828487,3.5192978034695925,ambivert
6.458008628608453,3.8314548602694924,3.1032937689889777,5.207313570627308,9.382434872927497,1.8897788095095818,6.719968683015238,4.148500943839567,1.1039907480789544,8.874876374002838,introvert
7.267937095906444,2.2032179346794702,2.482459722486828,3.029013903832818,3.0003593208212718,7.1823664511362075,5.354776304672072,5.823352636457606,3.5585446465874977,7.62087378317979,omnivert
6.2079662213071085,2.086090582413112,4.1087347229352105,4.53038586598553,5.629076126019445,4.975477142171887,8.172489590070668,6.518232926693567,4.26956410914146,3.0,ambivert
3.9645279067668366,3.7205337121154525,1.8596796322729996,4.838642284667632,6.235239680419422,1.1295270047767414,3.5131596853265616,5.85278476331654,6.0,8.459801827710681,introvert
6.555924058593784,3.3850359478328866,6.062272117499231,6.961332486770431,8.044993087815559,1.5416729085277276,5.3069048139169475,5.064576439928716,4.878903350799516,3.5753920154044176,ambivert
7.782237823231714,3.8438999515453,3.9741822131497613,7.347824250511826,5.4859181829386,3.842052069572511,7.863572534364502,4.666086950844719,6.956330368020028,6.3540612352355685,ambivert
8.09848254124249,2.706800401745615,6.344816926382567,7.133765047064027,6.808731312708115,2.805747420940607,3.7448651151475927,1.511815317976376,8.319608318237592,1.7455378441729854,extrovert
7.419760029481489,4.367900256885358,3.7891816152586735,4.432660454816195,9.672094099074227,0.0,7.681633133183168,7.885481751849284,4.028384619447625,6.653898676572934,introvert
7.179347307595972,4.199595489091152,6.268378805118607,5.554323727474307,5.449011742829601,4.835045752662465,8.208371348476756,5.232825017739334,3.765273872734886,3.342999180346409,omnivert
6.98836160538087,5.092293770108634,7.053598700459412,7.168781365501205,1.0,4.7665653937981425,9.137622484735518,5.845045077724309,5.278275602386343,6.344259994482406,ambivert
8.77347285368982,3.1521310498870188,8.790253127207396,7.982035823175409,3.952421601792854,9.526774495053246,7.141177937302776,2.980373600435628,10.0,5.0,extrovert
6.982816668741072,6.292597097434788,4.856704898954098,4.999191923285512,7.661440997773973,4.125137812211517,6.182212174695765,8.135064264566584,5.1920611089229105,5.846296615192132,ambivert
